unique_id,paradata,coordinate,start_time,end_time,geometry_id,parcel_number,district_acronym,sub_parcel_number,austrian_cadaster_correspondance,austro_italian_cadaster_correspondance,place,house_number,owner,owner_standardised,quality,area,ownership_types,qualities
0,m,POINT (12.34200136540574 45.43737631409337),1808-01-01T00:00:00,1808-12-31T23:59:59,8597,3582,NCS,2,480-481-482,480-481-482,CS - Campiello e Ramo dei Orbi,5197,BEMBO Vincenzo,BEMBO Vincenzo,Porzione di casa d'affitto unita al N° 3583 sub. 1,23.859,['AFFITTO'],['CASA']
1,m,POINT (12.330288302371377 45.44131928141666),1808-01-01T00:00:00,1808-12-31T23:59:59,1027,10922,NSC,,ASC 1075,AISC 1075,SC - Salizada di S. Stae,1922,BERTI FRACASSO Bartolaomea q.m .....,BERTI FRACASSO Bartolaomea,Corte,174.928,[],['CORTO']
2,m,POINT (12.328350827647624 45.42949931621655),1808-01-01T00:00:00,1808-12-31T23:59:59,5250,14715,NDD,,2007,2007,DD - Campo di S. Agnese,"872, 873",CAPITOLO dei Sacerdoti della Chiesa Parochiale di S. Agnese V. M.,CAPITOLO dei Sacerdoti della CHIESA PARROCCHIALE di S. Agnese V. M.,Casa d'affitto,195.068,['AFFITTO'],['CASA']
3,m,POINT (12.329471031610513 45.43344698863022),1808-01-01T00:00:00,1808-12-31T23:59:59,12527,710,NSM,,ASM 2408 ASM 2409 ASM 2410,AISM 2408 AISM 2409 AISM 2410,SM - Parrocchia di S. Samuele,2502;2503;2504,"DEMANIO NAZIONALE, proveniente dal Monastero di SS. Rocco e Margherita concentrato",DEMANIO NAZIONALE di provenienza dal MONASTERO di SS. Rocco e Margherita concentrato,Case d'affitto,481.165,['AFFITTO'],['CASA']
4,m,POINT (12.31988159307219 45.44477449451577),1808-01-01T00:00:00,1808-12-31T23:59:59,15861,KR,NCN,,,,CN - Campiello di S. Giobbe,,Convento de suddetti Padri [Minori Conventuali di S. Giobbe],CONVENTO dei Padri Minori Conventuali di S. Giobbe,[Convento],7929.262,[],['CONVENTO']
5,m,POINT (12.333931480223521 45.43969456933094),1808-01-01T00:00:00,1808-12-31T23:59:59,145,10128,NSP,,ASP 292,AISP 292,SP - Panataria,"735, 736",GRADENIGO ..... in rio marin,GRADENIGO (ramo di Rio Marin),simile [Bottega di legno d'affitto],39.041,['AFFITTO'],['BOTTEGA']
6,m,POINT (12.331673820919772 45.43252585768299),1808-01-01T00:00:00,1808-12-31T23:59:59,7746,282,NSM,,ASM 2717,AISM 2717,SM - Parrocchia di S. Maurizio,2182,Suddetti [TOMASI Giovanni e Sacerdote Pietro fratelli q. Agostino indivisi],"|S| TOMASI Giovanni, |S| SACERDOTE TOMASI Pietro [Fratelli q. Agostino]",Casa d'affitto,356.455,['AFFITTO'],['CASA']
7,m,POINT (12.335791062706704 45.43731838850756),1808-01-01T00:00:00,1808-12-31T23:59:59,6646,1837,NSM,,ASM 716 ASM 717 ASM 718 ASM 740 ASM 741,AISM 716 AISM 717 AISM 718 AISM 740 AISM 741,SM - Calle della Scimia e Fondamenta del Ferro,4470;4471;4472;4473;4480;4481;4482,TASCA Giuseppe,TASCA Giuseppe,Case d'affitto,795.09,['AFFITTO'],['CASA']
8,m,POINT (12.328348069302857 45.43343956781572),1808-01-01T00:00:00,1808-12-31T23:59:59,11357,605,NSM,1,ASM 2466,AISM 2466,SM - Parrocchia di S. Samuele,2570,ZEN QUERINI Elena,ZEN QUERINI Elena,Casa d'affitto,303.314,['AFFITTO'],['CASA']
9,m,POINT (12.34368585622347 45.44048786598922),1808-01-01T00:00:00,1808-12-31T23:59:59,9042,3982,NCS,1,56,56,CS - Rami Mendicanti,5316,BRUSACERAME Allessandro,BRUSACERAME Allessandro,Porzione di casa d'affitto,267.869,['AFFITTO'],['CASA']
10,m,POINT (12.316905229078833 45.433433000689504),1808-01-01T00:00:00,1808-12-31T23:59:59,3468,13116,NDD,,154,154,DD - Fondamenta Rugheta,"3233, 3234",TREVISAN Alvise q.m. Marcantonio,TREVISAN Alvise (q. Marcantonio),Simile [Casa d'affitto],103.29,['AFFITTO'],['CASA']
11,m,POINT (12.335579060163283 45.44243888690439),1808-01-01T00:00:00,1808-12-31T23:59:59,10647,5412,NCN,3,3110,3110,"CN - Contrada di S. Soffia, Calle, e Ponte Corrente",4376,Sulam suddetto [Benedetto],|S| SULAM Benedetto,Porzione di casa d'affitto al terzo piano superiore al N° 5412,33.067,['AFFITTO'],['CASA']
12,m,POINT (12.332227475440549 45.445414211886764),1808-01-01T00:00:00,1808-12-31T23:59:59,11624,6290,NCN,1,201,201,"CN - Contrada di S. Marciliano, Campo dei Mori",,,Possessore ignoto,Sottoportico pubblico denominato del Portone,34.296,['PUBBLICO'],['SOTTOPORTICO']
13,m,POINT (12.341386589632284 45.44043326212497),1808-01-01T00:00:00,1808-12-31T23:59:59,8430,3432,NCN,,4067,4067,"CN - Calle dei Meloni e Calle della Testa, e Calle del Caffetier","5578, 5579",GriFalconi Giuseppe,GRIFALCONI Giuseppe,Casa d'affitto,172.006,['AFFITTO'],['CASA']
14,m,POINT (12.329162226120559 45.44419745352414),1808-01-01T00:00:00,1808-12-31T23:59:59,12089,6707,NCN,2,875,875,"CN - Contrada S. Marcuola, Campiello dell'Anconetta e Corte della Balza",2076,Clementi Pasin,CLEMENTI Pasin,Porzione di casa d'affitto in primo piano unita al Sub.o 2 del N° 6706,131.307,['AFFITTO'],['CASA']
15,m,POINT (12.332810823366641 45.439223288542145),1808-01-01T00:00:00,1808-12-31T23:59:59,15603,9880,NSP,1,ASP 231,AISP 231,SP - Calle dei Botteri,2390,Suddetto [PRIULI Leonardo q. Antonio],|S| PRIULI Leonardo (q. Antonio),"Casa, e corte d'affitto",567.377,['AFFITTO'],"['CASA', 'CORTO']"
16,m,POINT (12.345674270951399 45.43534341192924),1808-01-01T00:00:00,1808-12-31T23:59:59,9236,4156,NCS,,1769,1769,CS - Salizzada S. Antonino e Calle Salvioni,3433,SALVIONI Lionello e BALZI Andrea e Fratelli indivisi,"SALVIONI Lionello, BALZI Andrea e Fratelli",Casa con corte d'affitto,998.246,['AFFITTO'],"['CASA', 'CORTO']"
17,m,POINT (12.333745423590612 45.44207073360824),1808-01-01T00:00:00,1808-12-31T23:59:59,10531,5309,NCN,2,2380,2380,"CN - Contrada di S. Felice, Calle e Campiello del Favro",3791,Verdi Catterina vedova Commissioli,VERDI Catterina (Vedova COMMISSIOLI),Porzione di casa al primo piano ,51.205,[],['CASA']
18,m,POINT (12.338704003378817 45.44189708993423),1808-01-01T00:00:00,1808-12-31T23:59:59,11003,5732,NCN,2,2934,2934,"CN - Contrada di SS. Apostoli, Calle Mazzoranna",4755,Antonini suddetto [Don Giuseppe quondam Antonio],|S| ANTONINI Don Giuseppe (q. Antonio),Porzione di casa di proprio uso in due piani superiore al N° 5732,45.141,['PROPRIO'],['CASA']
19,m,POINT (12.32399385612235 45.431531849035665),1808-01-01T00:00:00,1808-12-31T23:59:59,4849,14356,NDD,,1751-1752-1753,1751-1752-1753,DD - Corte Bonfadina,"1481 a 1483, 1489 a 1491","BONFADINI Pietro, e Giovanni Fratelli q.m. Marco","BONFADINI Pietro, BONFADINI Giovanni [Fratelli q. Marco]",Casa d'affitto,344.746,['AFFITTO'],['CASA']
20,m,POINT (12.336534002853385 45.43939510561945),1808-01-01T00:00:00,1808-12-31T23:59:59,7853,2916,NCN,3,3711,3711,"CN - Corte e Calle dello Stua, Campiello Remer",6143 [?],Diedo Giuseppa e Corner Loredana indivise,"DIEDO Giuseppa, CORNER Loredana",Porzione di casa d'affitto al primo piano,611.172,['AFFITTO'],['CASA']
21,m,POINT (12.331310809712281 45.43224768318158),1808-01-01T00:00:00,1808-12-31T23:59:59,7679,276,NSM,,ASM 2706 ASN 2708,AISM 2706 ASN 2708,SM - Parrocchia di S. Maurizio,2197;2198,Suddetta [CORNER MOCENIGO Laura],|S| CORNER MOCENIGO Laura,Casa d'affitto,398.601,['AFFITTO'],['CASA']
22,m,POINT (12.3265346226368 45.44318186624256),1808-01-01T00:00:00,1808-12-31T23:59:59,12568,7137,NCN,,1965,1965,"CN - Contrada S. Marcuola, Corte Maggior, Fondamenta dei due Ponti, e Calle S. Antonio e Ramo Zavater","1636, 1635",Brunello Giovanni quondam Giuseppe,BRUNELLO Giovanni (q. Giuseppe),Case d'affitto,161.961,['AFFITTO'],['CASA']
23,m,POINT (12.337773031343426 45.441288787863414),1808-01-01T00:00:00,1808-12-31T23:59:59,10904,5643,NCN,,2884,2884,"CN - Contrada di S. Cancian, Rio Terrˆ Ponte di Barba Fruttariolo",4810,Corner Giustinian Andrea quondam Nicolò,CORNER GIUSTINIAN Andrea (q. Nicolò),Casa d'affitto,314.392,['AFFITTO'],['CASA']
24,m,POINT (12.33588656173029 45.43563260664759),1808-01-01T00:00:00,1808-12-31T23:59:59,5064,1455,NSM,2,ASM 437,AISM 437,"SM - Calle delle Locande detta Redivivo, e Ramo della Malvasia, e Calle de' Fabbri, e Calle del Mettivia",3990,IACOUR Sadia di Nacin,IACOUR Sadia (d. Nacin),Porzione di casa in secondo piano unita al N° di Mappa 1454,34.82,[],['CASA']
25,m,POINT (12.353638752545871 45.43223153941051),1808-01-01T00:00:00,1808-12-31T23:59:59,6264,15623,NCS,,,,CS - Strada Eugenia,"1327, 1326",Comune di Venezia provenienza del Monastero di San Domenico,COMUNE DI VENEZIA di provenienza del MONASTERO di San Domenico,Case in tre piani con una Bottega d'Affitto,173.681,['AFFITTO'],"['BOTTEGA', 'CASA']"
26,m,POINT (12.331894359576058 45.44333403668322),1808-01-01T00:00:00,1808-12-31T23:59:59,11550,6223,NCN,,2165,2165,"CN - Contrada di S. Marcuola, Rio Terrˆ","3631, 3633",Eredi di Pezana Filosi Teresa,Eredi di Pezana Filosi Teresa,Casa e bottega d'affitto,480.282,['AFFITTO'],"['BOTTEGA', 'CASA']"
27,m,POINT (12.33230577269325 45.438206215323085),1808-01-01T00:00:00,1808-12-31T23:59:59,15133,9458,NSP,2,ASP 1978,AISP 1978,SP - Corte dei Preti,1281,MANFREDINI Anna q.   moglie di Antonio MIARI q.  di Belluno,MANFREDINI Anna (Moglie di Antonio MIARI di Belluno),"Porzione di casa d'affitto al secondo, e terzo piano unita al sub 1 del N° 9459",186.761,['AFFITTO'],['CASA']
28,m,POINT (12.34001284574054 45.43975851895923),1808-01-01T00:00:00,1808-12-31T23:59:59,8305,3320,NCN,2,3949,3949,CN - Calle della Testa in Facia il Squero Vecchio,5854,Licini Benedetto,LICINI Benedetto,Casa superiore d'affitto unita al N° 3319,95.909,['AFFITTO'],['CASA']
29,m,POINT (12.325862351517669 45.432053644799744),1808-01-01T00:00:00,1808-12-31T23:59:59,4819,14329,NDD,1,1636,1636,DD - Ramo primo Taoleta,1268,Suddetto [DEMIN detto Bagatella Antonio di Pasqualino],|S| DEMIN Antonio (d. Pasqualino - detto Bagatella),Casa d'affitto,83.076,['AFFITTO'],['CASA']
30,m,POINT (12.340364241355614 45.439830605812745),1808-01-01T00:00:00,1808-12-31T23:59:59,8324,3338,NCN,1,3957,3957,"CN - Calle della Panada, e Calle Moretta",5964,Gedin Angelo,GEDIN Angelo,Casa e botega d'affitto,88.031,['AFFITTO'],"['BOTTEGA', 'CASA']"
31,m,POINT (12.340184860341045 45.43774825368495),1808-01-01T00:00:00,1808-12-31T23:59:59,8482,3479,NCS,1,536-534,536-534,"CS - Calle del Dose, e Calle và al Ponte Marcello",5721 B,"Suddetti GIULIANO, GIRARDI, e CANTONI indivisi [GIULIANO Zio e Nipote, GIRARDI Giovanni Antonio e CANTONI Giacomo indivisi]","|S| GIULIANO Zio e Nipote, |S| GIRARDI Giovanni Antonio, |S| CANTONI Giacomo",Casa d'affitto,223.46,['AFFITTO'],['CASA']
32,m,POINT (12.335627785469677 45.44188304670739),1808-01-01T00:00:00,1808-12-31T23:59:59,10695,5456,NCN,,3072,3072,"CN - Contrada di S. Fosca, Campiello dei Albanesi",4401,Merlo Domenico Canonico di S. Marco,CANONICO MERLO Domenico (CANONICO di S. Marco),Casa d'affitto,123.45,['AFFITTO'],['CASA']
33,m,POINT (12.316934726132885 45.43271457371352),1808-01-01T00:00:00,1808-12-31T23:59:59,3801,13414,NDD,1,197,197,DD - Rielo,2745,SOLARI Alvise q.m.,SOLARI Alvise,Casa a pian terreno d'affitto,96.4,['AFFITTO'],['CASA']
34,m,POINT (12.325983967457763 45.429927753674185),1808-01-01T00:00:00,1808-12-31T23:59:59,5071,14556,NDD,,1864,1864,DD - Fondamenta Nani,1001,SESIA Domenico q.m. Antonio,SESIA Domenico (q. Antonio),Casa con botega d'affitto,119.194,['AFFITTO'],"['BOTTEGA', 'CASA']"
35,m,POINT (12.328061796853168 45.443470742716904),1808-01-01T00:00:00,1808-12-31T23:59:59,12449,7030,NCN,,2057,2057,"CN - Contrada S. Marcuola, Calle e Ramo dei Preti, Fondamenta Barziza",1783,Dolfin vedova Gradenigo Cornelia quondam Leonardo,DOLFIN Cornelia (q. Leonardo - Vedova GRADENIGO),Casa d'affitto,113.569,['AFFITTO'],['CASA']
36,m,POINT (12.329307620602135 45.43895508229284),1808-01-01T00:00:00,1808-12-31T23:59:59,808,10725,NSP,2,ASP 1420,AISP 1420,SP - Calle del Luganegher,1893 B,ZANETI Angelo q.m Giuseppe,ZANETI Angelo (q. Giuseppe),"Porzione di casa d'affitto al secondo piano, unita al N° 10726",103.982,['AFFITTO'],['CASA']
37,m,POINT (12.329137560967805 45.43296726538386),1808-01-01T00:00:00,1808-12-31T23:59:59,12815,736,NSM,,ASM 2570 ASM 2571 ASM 2572,AISM 2570 AISM 2571 AISM 2572,SM - Parrocchia di S. Vitale,2445;2446,VITTURI VERONESI Cornelia,VITTURI VERONESI Cornelia,"Casa, parte di proprio uso, parte d'affitto",744.469,"['AFFITTO', 'PROPRIO']",['CASA']
38,m,POINT (12.333875083759365 45.439153905560055),1808-01-01T00:00:00,1808-12-31T23:59:59,15678,9948,NSP,1,ASP 363,AISP 363,SP - Ramo Calle dell'Anzolo,,Suddetto [GRADENIGO Vincenzo q. Gerolamo],|S| GRADENIGO Vincenzo (q. Gerolamo),"Bottega d'affitto con casa al secondo, terzo, e quarto piano",71.133,['AFFITTO'],"['BOTTEGA', 'CASA']"
39,m,POINT (12.322291065725969 45.43068031533528),1808-01-01T00:00:00,1808-12-31T23:59:59,4922,14421,NDD,1,1821,1821,DD - Fondamenta delle Zattere,2230,CANAL Pietro q.m. Antonio,CANAL Pietro (q. Antonio),Magazino d'affitto ,171.739,['AFFITTO'],['MAGAZZENO']
40,m,POINT (12.32323779056516 45.437075842492284),1808-01-01T00:00:00,1808-12-31T23:59:59,2384,12142,NSC,1,ASC 302,AISC 302,SC - Calle Falier,4350,Eredi del fu Gio. Batta BUFFETTI q.m,Eredi del fù Gio Batta BUFFETTI,Casa a pianterreno d'affitto,57.868,['AFFITTO'],['CASA']
41,m,POINT (12.33721872908991 45.435920965050926),1808-01-01T00:00:00,1808-12-31T23:59:59,6576,1774,NSM,,ASM 642 ASM 643 ASM 644,AISM 642 AISM 643 AISM 644,SM - Calle delle Balotte,4116;4117;4118,GRIMANI Fratelli q. Gerolamo,GRIMANI Fratelli (q. Gerolamo),Casa con corticella d'affitto,205.527,['AFFITTO'],['CASA']
42,m,POINT (12.334888916114105 45.43433562246598),1808-01-01T00:00:00,1808-12-31T23:59:59,2091,1188,NSM,1,ASM 1932,AISM 1932,SM - Frezzeria Ponte Barcaroli,1623,FISSER Sacerdote Pietro di Antonio,SACERDOTE FISSER Pietro (d. Antonio),Casa e corte di propria abitazione in parte d'affitto,294.843,"['AFFITTO', 'PROPRIO']","['CASA', 'CORTO']"
43,m,POINT (12.33166837561019 45.442158977727985),1808-01-01T00:00:00,1808-12-31T23:59:59,11419,6105,NCN,,2322,2322,"CN - Contrada di S. Fosca, Ramo, e Corte Barbarigo","3704, 3705",Barbarigo Giovanni quondam Alvise,BARBARIGO Giovanni (q. Alvise),Casa d'affitto,548.946,['AFFITTO'],['CASA']
44,m,POINT (12.346468945037318 45.437290721900645),1808-01-01T00:00:00,1808-12-31T23:59:59,9626,4506,NCS,,2393,2393,CS - Calle e Corte Capellera,"2869, 2870",Suddetto [SAGREDO Agostino q. Francesco],|S| SAGREDO Agostino (q. Francesco),Case d'affitto,248.779,['AFFITTO'],['CASA']
45,m,POINT (12.317102849558214 45.433915039446134),1808-01-01T00:00:00,1808-12-31T23:59:59,3417,13070,NDD,1,241,241,DD - Campo Morto,"3315, e 3383",CHIURLOTO Giovanni Battista q.m. Andrea,CHIURLOTO Giovanni Battista (q. Andrea),Casa a pian terreno d'affitto,99.451,['AFFITTO'],['CASA']
46,m,POINT (12.3314665877868 45.436769965884196),1808-01-01T00:00:00,1808-12-31T23:59:59,15340,9644,NSP,,ASP 1248 ASP 1249,AISP 1248 AISP 1249,SP - Corte Petriana,"1432, 1434",ZANUTI Giuseppe q. ,ZANUTI Giuseppe,Casa e corte d'affitto,447.895,['AFFITTO'],"['CASA', 'CORTO']"
47,m,POINT (12.337383320121942 45.434291683254145),1808-01-01T00:00:00,1808-12-31T23:59:59,7188,2321,NSM,2,non esiste corrispondente,non esiste corrispondente,SM - Piazza S. Marco,87,BERLENDIS Pietro,BERLENDIS Pietro,Porzione di casa superiore al portico unita al subalterno 7 del N° 2319,58.072,[],['CASA']
48,m,POINT (12.333746752526377 45.44096617352838),1808-01-01T00:00:00,1808-12-31T23:59:59,10368,5162,NCN,,2507,2507,"CN - Contrada S. Felice, Calle Fontana",4043,Coletti Nicolò quondam Florian,COLETTI Nicolò (q. Florian),Casa d'affitto in tre appartamenti,336.193,['AFFITTO'],['CASA']
49,m,POINT (12.339867085181062 45.441816884114196),1808-01-01T00:00:00,1808-12-31T23:59:59,8141,3173,NCN,2,3377,3377,"CN - Calle Sporca e Rami della Piettˆ, e Corte della Caritˆ",5540 D,Manolesso Francesco,MANOLESSO Francesco,Porzione di casa e botega d'affitto,153.313,['AFFITTO'],"['BOTTEGA', 'CASA']"
50,m,POINT (12.334812859749418 45.43930340851092),1808-01-01T00:00:00,1808-12-31T23:59:59,79,10069,NSP,1,ASP 626,AISP 626,SP - Calle delle Spade,372,CIVRAN Vincenzo q.m Giuseppe,CIVRAN Vincenzo (q. Giuseppe),Bottega d'affitto,62.28,['AFFITTO'],['BOTTEGA']
51,m,POINT (12.33233856920768 45.43765159008381),1808-01-01T00:00:00,1808-12-31T23:59:59,15196,9514,NSP,3,ASP 1110,AISP 1110,SP - Campo di S. Aponal,,ZANIMBON Giovanni Battista q.,ZANIMBON Giovanni Battista,Porzione di casa d'affitto al terzo piano unita al sub 2 del N° 9513,69.555,['AFFITTO'],['CASA']
52,m,POINT (12.329869327787545 45.446486200859596),1808-01-01T00:00:00,1808-12-31T23:59:59,11800,6449,NCN,2,255,255,"CN - Contrada di S. Marcilian, Calle Stretta Rio della Sensa",2937,Bembo Francesco quondam Marco,BEMBO Francesco (q. Marco),Porzione di casa d'affitto in due piani unita a parte del N° 6450,232.187,['AFFITTO'],['CASA']
53,m,POINT (12.33989074605679 45.440845399778894),1808-01-01T00:00:00,1808-12-31T23:59:59,8185,3212,NCN,2,3571,3571,CN - Campiello del Pestrin e Calle Stella,,Pasqualigo Giovanni Francesco,PASQUALIGO Giovanni Francesco,Casa superiore d'affitto,44.279,['AFFITTO'],['CASA']
54,m,POINT (12.347000621166039 45.4373026545778),1808-01-01T00:00:00,1808-12-31T23:59:59,9615,4497,NCS,1,2383-2382,2383-2382,CS - Salizzada del Lazagner,"2853, 2646",DIEDO Giacomo,DIEDO Giacomo,Luogo terreno d'affitto,130.543,['AFFITTO'],['LUOGO']
55,m,POINT (12.326693911862533 45.436665173004776),1808-01-01T00:00:00,1808-12-31T23:59:59,2039,11832,NSP,2,ASP 1848,AISP 1848,SP - Campo dei Frari,2239,CAPPELLO Pietro terzo Domenico q.m Pietro,CAPPELLO Pietro terzo Domenico (q. Pietro),"Porzione di casa d'affitto al secondo, e terzo piano unita al sub.o 2 del N° 11831",96.932,['AFFITTO'],['CASA']
56,m,POINT (12.337435946673319 45.44246568730059),1808-01-01T00:00:00,1808-12-31T23:59:59,11026,5753,NCN,,3000,3000,"CN - Contrada di SS. Apostoli, Fondamenta dei Sartori","4659, 4660, 4661, 4662, 4663",Città di Venezia di provenienza della sopressa Arte de' Sartori,CITTÀ DI VENEZIA di provenienza della sopressa Arte de' Sartori,Case N° 5 d'affitto,395.026,['AFFITTO'],['CASA']
57,m,POINT (12.331233305943002 45.43865255920977),1808-01-01T00:00:00,1808-12-31T23:59:59,15540,9824,NSP,1,ASP 180,AISP 180,"SP - Calle, e Corte della Raffineria",1324,PISANI Francesco q.,PISANI Francesco,Casa d'affitto,70.463,['AFFITTO'],['CASA']
58,m,POINT (12.335706539692913 45.43288527491988),1808-01-01T00:00:00,1808-12-31T23:59:59,15479,977,NSM,2,ASM 3118,AISM 3118,SM - Campo di S. Moisé,1369,Prete Angelo FIORINI,PRETE FIORINI Angelo,Porzione di casa superiore d'affitto unita al N° di Mappa 796 [?],146.357,['AFFITTO'],['CASA']
59,m,POINT (12.32909093434199 45.44054241340369),1808-01-01T00:00:00,1808-12-31T23:59:59,841,10755,NSC,2,ASC 1104,AISC 1104,SC - Calle dei Mercanti,1803,BARONCELLI Giuseppe q.m Bernardino,BARONCELLI Giuseppe (q. Bernardino),Porzione di casa d'affitto unita al sub. 1 del N° 10756,68.55,['AFFITTO'],['CASA']
60,m,POINT (12.32657253731454 45.44183361916462),1808-01-01T00:00:00,1808-12-31T23:59:59,1457,11309,NSC,,ASC 741,AISC 741,"SC - Calle Bembo, e Rio Terˆ",1156,STRAREMBERGH SPINOLA Ernesta q.m .....,STRAREMBERGH SPINOLA Ernesta,Orto,1393.112,[],['ORTO']
61,m,POINT (12.328239582142633 45.44040366928416),1808-01-01T00:00:00,1808-12-31T23:59:59,1131,11015,NSC,2,ASC 977,AISC 977,SC - Calle del Colombo,1714,PRIULI Antonio Marino Alvise q.m Antonio Marino,PRIULI Antonio Marino Alvise (q. Antonio Marino),Porzione di casa d'affitto al primo piano unita al sub. 1 del N° 11016,40.397,['AFFITTO'],['CASA']
62,m,POINT (12.330063893425871 45.4352488780623),1808-01-01T00:00:00,1808-12-31T23:59:59,9922,477,NSM,,ASM 101 ASM 102 ASM 103,AISM 101 AISM 102 AISM 103,SM - Parrocchia di S. Angelo,2918;2919;2971,DIEDO vedova del q. Dionisio,DIEDO Vedova (del q. Dionisio),Case rovinose d'affitto,1619.758,['AFFITTO'],[]
63,m,POINT (12.335898711085852 45.44092340585035),1808-01-01T00:00:00,1808-12-31T23:59:59,10742,5499,NCN,3,2690,2690,"CN - Contrada di SS. Apostoli, Calle del Duca detta del Bembo",5052,Pretti suddetto [Giovanni],|S| PRETTI Giovanni,Porzione di casa d'affitto al terzo piano superiore al N° 5499,37.917,['AFFITTO'],['CASA']
64,m,POINT (12.332704637579054 45.43840361224281),1808-01-01T00:00:00,1808-12-31T23:59:59,15442,9736,NSP,3,ASP 475,AISP 475,SP - Campiello delle Scoazze,,ZORZI  S. Severo,ZORZI S. Severo,Porzione di casa d'affitto al terzo piano unita al sub 4 del N° 9735,20.952,['AFFITTO'],['CASA']
65,m,POINT (12.326405920670027 45.43565468653198),1808-01-01T00:00:00,1808-12-31T23:59:59,2166,11947,NDD,3,663,663,"DD - Ponte, e Calle di Dona Onesta",4788,TROIS Francesco ......... Fratelli q.m. Bonaventura,TROIS Francesco Fratelli (q. Bonaventura),Porzione di casa d'affitto unita al N° 11941,226.513,['AFFITTO'],['CASA']
66,m,POINT (12.333228459420289 45.429584711477986),1808-01-01T00:00:00,1808-12-31T23:59:59,5701,15120,NDD,1,2434,2434,"DD - Corte Guerina, e Rami",211,BASEGGIO Antonio q.m. Giovanni Battista,BASEGGIO Antonio (q. Giovanni Battista),Magazino d'affitto,52.649,['AFFITTO'],['MAGAZZENO']
67,m,POINT (12.33665335206717 45.43829952909361),1808-01-01T00:00:00,1808-12-31T23:59:59,6730,1912,NSM,1,ASM 843 ASM 3329,AISM 843 AISM 3329,SM - Calle del Fontico dei Tedeschi,4645,MINISTERO DELLE FINANZE,MINISTERO DELLE FINANZE,Casa con corte e magazzini ad uso della Dogana del Fontico Nuovo,3647.739,[],"['CASA', 'CORTO', 'MAGAZZENO']"
68,m,POINT (12.323529199552985 45.44258883654553),1808-01-01T00:00:00,1808-12-31T23:59:59,13820,8263,NCN,,1859,1859,CN - Calle Gioachina e Rami,202,Demaneo,DEMANEO,Palazzo,3636.4,[],['PALAZZO']
69,m,POINT (12.318175007467842 45.43220230031292),1808-01-01T00:00:00,1808-12-31T23:59:59,3895,13499,NDD,1,1185,1185,"DD - Corte, e Calle Lardona, e ramo",2609,CAPITOLO dei Sacerdoti della Chiesa Parochiale di S. Raffaele Arcangelo volgarmente detto S. Anzolo,CAPITOLO dei Sacerdoti della CHIESA PARROCCHIALE di S. Raffaele Arcangelo (volgarmente detto S. Anzolo),Casa a pian terreno d'affitto,40.367,['AFFITTO'],['CASA']
70,m,POINT (12.322920307674341 45.44461650757424),1808-01-01T00:00:00,1808-12-31T23:59:59,13678,8135,NCN,1,1759,1759,CN - Calle Prima delle Due Corti,582,"Ricevitori della Diretta in Dipartimenti ex Veneti, Bussato Felice, e Beltramelli Rosa possessori indivisi","Ricevitori della Diretta in Dipartimenti EX Veneti, BUSSATO Felice, BELTRAMELLI Rosa",Casa d'affitto,53.111,['AFFITTO'],['CASA']
71,m,POINT (12.335532656189887 45.43643497805271),1808-01-01T00:00:00,1808-12-31T23:59:59,4509,1405,NSM,,ASM 580,AISM 580,SM - Calle del Lovo,4416,"CONTARINI Maria vedova ZOLIO, e CONTARINI Benedetto indivisi","CONTARINI Maria (Vedova ZOLIO), CONTARINI Benedetto",Bottega d'affitto,41.586,['AFFITTO'],['BOTTEGA']
72,m,POINT (12.336299126947372 45.439956642390634),1808-01-01T00:00:00,1808-12-31T23:59:59,7880,2940,NCN,2,3654,3654,CN - Ponte de S. Appostoli,5131,Falier Giuseppe,FALIER Giuseppe,"Porzione di casa d'affitto al secondo, terzo piano unita al N° 2943",92.312,['AFFITTO'],['CASA']
73,m,POINT (12.326949861001037 45.44073922561182),1808-01-01T00:00:00,1808-12-31T23:59:59,1425,11280,NSC,2,ASC 803,AISC 803,SC - Corte delle Colonne,1353,MORO Gaspare q.m Gaspare,MORO Gaspare (q. Gaspare),"Porzione di casa d'affitto al primo, e secondo piano unita al N° 11279",161.771,['AFFITTO'],['CASA']
74,m,POINT (12.339485092741784 45.44027255050152),1808-01-01T00:00:00,1808-12-31T23:59:59,8253,3274,NCN,1,3493,3493,CN - Calle Fondamenta Widiman Rio Terrˆ e Ramo Quarto,,Comune di Venezia,COMUNE DI VENEZIA,Sottoportico pubblico,33.226,['PUBBLICO'],['SOTTOPORTICO']
75,m,POINT (12.340327836820707 45.4367158274907),1808-01-01T00:00:00,1808-12-31T23:59:59,7482,2587,NCS,,,,CS - Calle Casselleria,"4767, 4768, 4769",Suddetto [VENIER Girolamo q. Giovanni Battista],|S| VENIER Girolamo (q. Giovanni Battista),Casa e 2 boteghe d'affitto,215.284,['AFFITTO'],"['BOTTEGA', 'CASA']"
76,m,POINT (12.330252087601249 45.43004761059445),1808-01-01T00:00:00,1808-12-31T23:59:59,5312,14771,NDD,1,2124,2124,DD - Calle dei Franchi,685,Possessore ignoto,Possessore ignoto,Casa in pian terreno d'affitto,81.973,['AFFITTO'],['CASA']
77,m,POINT (12.332971979887247 45.43772798609534),1808-01-01T00:00:00,1808-12-31T23:59:59,15156,9479,NSP,,ASP 1062 ASP 1063,AISP 1062 AISP 1063,SP - Fondamenta dell'Oglio,1103,TODESCHINI Antonio q.,TODESCHINI Antonio,"Casa, e corte d'affitto",442.792,['AFFITTO'],"['CASA', 'CORTO']"
78,m,POINT (12.33074547344792 45.44674943377861),1808-01-01T00:00:00,1808-12-31T23:59:59,11765,6417,NCN,2,84,84,"CN - Contrada di S. Marcilian, Sottoportico del Cavallo",3056,Bonfadini Bonfadino,BONFADINI Bonfadino,Porzione di casa d'affitto in due piani unita al Sub.o 2 del N° 6416 ed al N° 6418,78.091,['AFFITTO'],['CASA']
79,m,POINT (12.316969302146056 45.43218924498854),1808-01-01T00:00:00,1808-12-31T23:59:59,3842,13450,NDD,,1219,1219,DD - Calle Capara,"2707, 2708",GRADENIGO Pietro q.m. Bartolomeo,GRADENIGO Pietro (q. Bartolomeo),Simile [Casa d'affitto],183.708,['AFFITTO'],['CASA']
80,m,POINT (12.33753385739008 45.43948036688352),1808-01-01T00:00:00,1808-12-31T23:59:59,7916,2973,NCN,3,3827,3827,CN - Rio Terrˆ S. Canciano,5780,Grimani Antonio quondam Girolamo,GRIMANI Antonio (q. Girolamo),Porzione di casa al secondo piano unita al N° 2974 Sub.o 2,60.184,[],['CASA']
81,m,POINT (12.334199401641445 45.4385624710908),1808-01-01T00:00:00,1808-12-31T23:59:59,14866,9217,NSP,3,ASP 607,AISP 607,SP - Calle Toscana,,ZAMPIERETI Giovanni q. Pietro,ZAMPIERETI Giovanni (q. Pietro),Porzione di casa di propria abitazione unita al sub 3 del N° 9216,44.039,['PROPRIO'],['CASA']
82,m,POINT (12.331601470290963 45.43888263071938),1808-01-01T00:00:00,1808-12-31T23:59:59,15526,9811,NSP,2,ASP 54,AISP 54,SP - Ramo della Botta,,"ARAGONI Giacomo di Lorenzo, LAVESI Teresa q.   , possessori indivisi","ARAGONI Giacomo (d. Lorenzo), LAVESI Teresa",Porzione di casa d'affitto al secondo piano,74.462,['AFFITTO'],['CASA']
83,m,POINT (12.331758326830384 45.430174280498825),1808-01-01T00:00:00,1808-12-31T23:59:59,5539,14976,NDD,,2326,2326,"DD - Fondamenta Zorzi, oBragadin, e Paleti",560,CONGREGAZIONE di Carita',CONGREGAZIONE DELLA CARITÀ,"Ospizio di donne dato per carita', e corte",1319.686,[],"['CORTO', 'OSPIZIO']"
84,m,POINT (12.35599406001495 45.43201337685915),1808-01-01T00:00:00,1808-12-31T23:59:59,5911,15309,NCS,1,,,CS - Calle delle Ancore,675,Gradenigo (in Rio Marin),GRADENIGO (ramo di Rio Marin),Porzione di casa terrena d'affitto,57.565,['AFFITTO'],['CASA']
85,m,POINT (12.33710287231636 45.433160456192475),1808-01-01T00:00:00,1808-12-31T23:59:59,580,1052,NSM,2,ASM 3208,AISM 3208,SM - Campiello dell'Ascensione,1114,COMPAGNIA del Sagramento nella Chiesa dell'Ascensione,COMPAGNIA del Sagramento nella CHIESA dell'Ascensione,Porzione di locali superiori ad uso Sacro,91.988,[],['LOCALE']
86,m,POINT (12.332708247225288 45.43728915717568),1808-01-01T00:00:00,1808-12-31T23:59:59,15212,9529,NSP,1,ASP 1096 ASP 1097,AISP 1096 AISP 1097,SP - Calle dei Sbianchesini,1064,É. [sic!] É q. É,Possessore ignoto ([sic!]),Casa d'affitto,49.335,['AFFITTO'],['CASA']
87,m,POINT (12.332940110319516 45.430177737442676),1808-01-01T00:00:00,1808-12-31T23:59:59,5662,15086,NDD,,2419-2420,2419-2420,DD - Fondamenta del Bacala',"123, 122","Suddetto [MOCENIGO Marcantonio q.m. Francesco], QUERINI Teresa q.m.","|S| MOCENIGO Marcantonio (q. Francesco), QUERINI Teresa",Corte promiscua,110.454,['COMMUNE'],['CORTO']
88,m,POINT (12.33361250957889 45.43804452807871),1808-01-01T00:00:00,1808-12-31T23:59:59,15003,9340,NSP,2,ASP 1029 ASP 1032,AISP 1029 AISP 1032,SP - Calle del Paradiso,1006,MARCHIORI Valentino q. Francesco,MARCHIORI Valentino (q. Francesco),"Porzione di casa d'affitto al secondo, e terzo piano",115.834,['AFFITTO'],['CASA']
89,m,POINT (12.323005247563495 45.444454592264),1808-01-01T00:00:00,1808-12-31T23:59:59,13680,8137,NCN,,1759,1759,"CN - Calle Prima delle Due Corti, e Calle Riello",561 O,Coen Moisè quondam Salamone,COEN Moisè (q. Salamone),Palazzo con corte di propria abitazione,1732.435,['PROPRIO'],"['CORTO', 'PALAZZO']"
90,m,POINT (12.328935473376687 45.445705657988206),1808-01-01T00:00:00,1808-12-31T23:59:59,12155,6767,NCN,2,571,571,"CN - Contrada S. Marcuola, Fondamenta Ormesini",2648 I,Città suddetta [di Venezia di provenienza ignota],CITTÀ DI VENEZIA di provenienza ignota,Porzione di casa d'affitto al secondo piano unita al Sub.o 3 del N° 6766,140.867,['AFFITTO'],['CASA']
91,m,POINT (12.337723242272336 45.43794321263595),1808-01-01T00:00:00,1808-12-31T23:59:59,6795,1971,NSM,4,ASM 879,AISM 879,SM - Corte dell'Orso,4771,GRADENIGO Federico q. Pietro,GRADENIGO Federico (q. Pietro),"Porzione di casa in secondo piano, e quarto unita al N° 1970 subalterno 1",161.266,[],['CASA']
92,m,POINT (12.324788971632987 45.43443135489012),1808-01-01T00:00:00,1808-12-31T23:59:59,4367,13923,NDD,,823,823,DD - Calle dell'Aseo,4170,VENIER Fabio di Antonio,VENIER Fabio (d. Antonio),"Casa, e corte di propria abitazione",67.69,['PROPRIO'],"['CASA', 'CORTO']"
93,m,POINT (12.322068134948733 45.43310848220723),1808-01-01T00:00:00,1808-12-31T23:59:59,4143,13722,NDD,,1120,1120,DD - Campo dei Carmini,,"Suddetto [DEMANIO, e per esso il Ministero delle Finanze]",DEMANIO e per esso il MINISTERO DELLE FINANZE,Orto,616.906,[],['ORTO']
94,m,POINT (12.335602562266109 45.434359557965934),1808-01-01T00:00:00,1808-12-31T23:59:59,1925,1173,NSM,,ASM 1942 ASM 1943,AISM 1942 AISM 1943,SM - Calle và al Ponte de' Barcaroli,1605;1606;1607;1608;1609,SAVORGNAN Antonio e Fratelli q. Carlo,SAVORGNAN Antonio e Fratelli (q. Carlo),Casa in varj appartamenti con N° 4 botteghe d'affitto,304.178,['AFFITTO'],"['BOTTEGA', 'CASA']"
95,m,POINT (12.33663551230667 45.43290419352689),1808-01-01T00:00:00,1808-12-31T23:59:59,258,1023,NSM,3,ASM 3173 ASM 3188,AISM 3173 AISM 3188,SM - Calle Vallarezza,1175,ANGELI Vitale q. Abram Vita,ANGELI Vitale (q. Abram Vita),"Porzione di casa d'affitto al primo, secondo e terzo piano unita al N° 1029",640.344,['AFFITTO'],['CASA']
96,m,POINT (12.352916059585047 45.43254590398862),1808-01-01T00:00:00,1808-12-31T23:59:59,14204,8621,NCS,,2923,2923,CS - Strada Eugenia e Corte Nava,1671,CENTENARI Laura,CENTENARI Laura,Casa d'affitto,150.387,['AFFITTO'],['CASA']
97,m,POINT (12.34388982935852 45.439887312657696),1808-01-01T00:00:00,1808-12-31T23:59:59,9064,4000,NCS,,88,88,CS - Barbaria delle Tole e Fondamente Nuove,5286,Suddetti [LAMBERTI Bortolameo e Fratelli],|S| LAMBERTI Bortolameo e Fratelli,Terreno ad uso di magazzeno di legnami,416.542,[],['MAGAZZENO']
98,m,POINT (12.337710104166966 45.43776653506849),1808-01-01T00:00:00,1808-12-31T23:59:59,6809,1984,NSM,1,ASM 890 ASM 891 ASM 892,AISM 890 AISM 891 AISM 892,SM - Calle della Bissa và al Ponte di S. Antonio,4746,VENIER Pietro e Fratelli indivisi,VENIER Pietro e Fratelli,Bottega d'affitto,199.256,['AFFITTO'],['BOTTEGA']
99,m,POINT (12.345035937621978 45.438664733634276),1808-01-01T00:00:00,1808-12-31T23:59:59,9127,4058,NCS,3,122-123-124,122-123-124,CS - Campo di S. Giustina Calle del Forno,3149,,Possessore ignoto,Porzione di casa d'affitto,95.567,['AFFITTO'],['CASA']
