item_id,filename,path,image_url,width,height,media_type
39377975,39377975_fb49j027z_fn10mn792.jpg,img/39377975_fb49j027z_fn10mn792.jpg,https://repository.dri.ie/loris/fb49j027z:fn10mn792/full/full/0/default.jpg,2272,3004,image/jpeg
39377925,39377925_rr17fn07f_rx91hd75t.jpg,img/39377925_rr17fn07f_rx91hd75t.jpg,https://repository.dri.ie/loris/rr17fn07f:rx91hd75t/full/full/0/default.jpg,2864,2107,image/jpeg
39377908,39377908_qb991133h_qj732t01j.jpg,img/39377908_qb991133h_qj732t01j.jpg,https://repository.dri.ie/loris/qb991133h:qj732t01j/full/full/0/default.jpg,3216,4192,image/jpeg
39377924,39377924_s465k643b_sf26nv95q.jpg,img/39377924_s465k643b_sf26nv95q.jpg,https://repository.dri.ie/loris/s465k643b:sf26nv95q/full/full/0/default.jpg,3596,2276,image/jpeg
39377940,39377940_h4163139n_h7033x23t.jpg,img/39377940_h4163139n_h7033x23t.jpg,https://repository.dri.ie/loris/h4163139n:h7033x23t/full/full/0/default.jpg,3128,2268,image/jpeg
39377887,39377887_tm711k03f_v9807s91q.jpg,img/39377887_tm711k03f_v9807s91q.jpg,https://repository.dri.ie/loris/tm711k03f:v9807s91q/full/full/0/default.jpg,1980,2452,image/jpeg
39377882,39377882_xd07wh55w_xk81z9232.jpg,img/39377882_xd07wh55w_xk81z9232.jpg,https://repository.dri.ie/loris/xd07wh55w:xk81z9232/full/full/0/default.jpg,3484,2308,image/jpeg
39377912,39377912_t148v699m_t722x067t.jpg,img/39377912_t148v699m_t722x067t.jpg,https://repository.dri.ie/loris/t148v699m:t722x067t/full/full/0/default.jpg,4092,1496,image/jpeg
39377907,39377907_ng45f735h_nk32g419c.jpg,img/39377907_ng45f735h_nk32g419c.jpg,https://repository.dri.ie/loris/ng45f735h:nk32g419c/full/full/0/default.jpg,3532,2248,image/jpeg
39377929,39377929_p554ng23k_p841pc07f.jpg,img/39377929_p554ng23k_p841pc07f.jpg,https://repository.dri.ie/loris/p554ng23k:p841pc07f/full/full/0/default.jpg,2676,2081,image/jpeg
39377937,39377937_m3270r597_m6141n43k.jpg,img/39377937_m3270r597_m6141n43k.jpg,https://repository.dri.ie/loris/m3270r597:m6141n43k/full/full/0/default.jpg,2548,2188,image/jpeg
39377946,39377946_h7033s25j_hd775j936.jpg,img/39377946_h7033s25j_hd775j936.jpg,https://repository.dri.ie/loris/h7033s25j:hd775j936/full/full/0/default.jpg,3214,4327,image/jpeg
39377913,39377913_q237xg79v_dz01dd92r.jpg,img/39377913_q237xg79v_dz01dd92r.jpg,https://repository.dri.ie/loris/q237xg79v:dz01dd92r/full/full/0/default.jpg,5577,6588,image/jpeg
39377841,39377841_gx421771m_h1292455s.jpg,img/39377841_gx421771m_h1292455s.jpg,https://repository.dri.ie/loris/gx421771m:h1292455s/full/full/0/default.jpg,3592,2520,image/jpeg
39377902,39377902_st74sf31c_sx61tb157.jpg,img/39377902_st74sf31c_sx61tb157.jpg,https://repository.dri.ie/loris/st74sf31c:sx61tb157/full/full/0/default.jpg,2176,2572,image/jpeg
39377931,39377931_r4958903q_r7829587s.jpg,img/39377931_r4958903q_r7829587s.jpg,https://repository.dri.ie/loris/r4958903q:r7829587s/full/full/0/default.jpg,1804,2140,image/jpeg
39377961,39377961_mc883f111_ms367047f.jpg,img/39377961_mc883f111_ms367047f.jpg,https://repository.dri.ie/loris/mc883f111:ms367047f/full/full/0/default.jpg,3176,2196,image/jpeg
39377781,39377781_j099bw97x_j960fk490.jpg,img/39377781_j099bw97x_j960fk490.jpg,https://repository.dri.ie/loris/j099bw97x:j960fk490/full/full/0/default.jpg,2653,4317,image/jpeg
39377873,39377873_wp98p469h_ww72qx37j.jpg,img/39377873_wp98p469h_ww72qx37j.jpg,https://repository.dri.ie/loris/wp98p469h:ww72qx37j/full/full/0/default.jpg,2159,2626,image/jpeg
39377906,39377906_rj43cv39z_rv04gh910.jpg,img/39377906_rj43cv39z_rv04gh910.jpg,https://repository.dri.ie/loris/rj43cv39z:rv04gh910/full/full/0/default.jpg,1819,2963,image/jpeg
39377877,39377877_ww72r2350_x059rz190.jpg,img/39377877_ww72r2350_x059rz190.jpg,https://repository.dri.ie/loris/ww72r2350:x059rz190/full/full/0/default.jpg,2224,824,image/jpeg
39377994,39377994_7h14q873q_7s75sz25v.jpg,img/39377994_7h14q873q_7s75sz25v.jpg,https://repository.dri.ie/loris/7h14q873q:7s75sz25v/full/full/0/default.jpg,2901,2829,image/jpeg
39377942,39377942_mc883913r_mp495z654.jpg,img/39377942_mc883913r_mp495z654.jpg,https://repository.dri.ie/loris/mc883913r:mp495z654/full/full/0/default.jpg,3074,5687,image/jpeg
39377947,39377947_jd47gm31w_jh34hh15r.jpg,img/39377947_jd47gm31w_jh34hh15r.jpg,https://repository.dri.ie/loris/jd47gm31w:jh34hh15r/full/full/0/default.jpg,2464,2164,image/jpeg
39377969,39377969_f762h343t_ff36jw114.jpg,img/39377969_f762h343t_ff36jw114.jpg,https://repository.dri.ie/loris/f762h343t:ff36jw114/full/full/0/default.jpg,2274,3636,image/jpeg
39377948,39377948_jm21jc99t_jw82n251m.jpg,img/39377948_jm21jc99t_jw82n251m.jpg,https://repository.dri.ie/loris/jm21jc99t:jw82n251m/full/full/0/default.jpg,1544,2232,image/jpeg
39377891,39377891_tx324357q_v1195041c.jpg,img/39377891_tx324357q_v1195041c.jpg,https://repository.dri.ie/loris/tx324357q:v1195041c/full/full/0/default.jpg,3278,3365,image/jpeg
39377901,39377901_s178j9590_cc08x5483.jpg,img/39377901_s178j9590_cc08x5483.jpg,https://repository.dri.ie/loris/s178j9590:cc08x5483/full/full/0/default.jpg,8168,6148,image/jpeg
39377978,39377978_d79266036_df667z71q.jpg,img/39377978_d79266036_df667z71q.jpg,https://repository.dri.ie/loris/d79266036:df667z71q/full/full/0/default.jpg,2644,1584,image/jpeg
39377926,39377926_rf56bz553_rn30dr239.jpg,img/39377926_rf56bz553_rn30dr239.jpg,https://repository.dri.ie/loris/rf56bz553:rn30dr239/full/full/0/default.jpg,1324,2084,image/jpeg
39377868,39377868_x920vm71r_xg94xd39q.jpg,img/39377868_x920vm71r_xg94xd39q.jpg,https://repository.dri.ie/loris/x920vm71r:xg94xd39q/full/full/0/default.jpg,2216,2424,image/jpeg
39377883,39377883_wh24mc01b_wm11n785d.jpg,img/39377883_wh24mc01b_wm11n785d.jpg,https://repository.dri.ie/loris/wh24mc01b:wm11n785d/full/full/0/default.jpg,4740,4816,image/jpeg
39377816,39377816_3t94kf64d_4168n732x.jpg,img/39377816_3t94kf64d_4168n732x.jpg,https://repository.dri.ie/loris/3t94kf64d:4168n732x/full/full/0/default.jpg,1308,2100,image/jpeg
39377822,39377822_6d57cg49r_6m31f817z.jpg,img/39377822_6d57cg49r_6m31f817z.jpg,https://repository.dri.ie/loris/6d57cg49r:6m31f817z/full/full/0/default.jpg,1367,2713,image/jpeg
39377859,39377859_w089fw81s_w376gs65n.jpg,img/39377859_w089fw81s_w376gs65n.jpg,https://repository.dri.ie/loris/w089fw81s:w376gs65n/full/full/0/default.jpg,2536,3435,image/jpeg
39377741,39377741_7366kq37t_7940nh051.jpg,img/39377741_7366kq37t_7940nh051.jpg,https://repository.dri.ie/loris/7366kq37t:7940nh051/full/full/0/default.jpg,2507,3585,image/jpeg
39377919,39377919_tb09xr530_th840j219.jpg,img/39377919_tb09xr530_th840j219.jpg,https://repository.dri.ie/loris/tb09xr530:th840j219/full/full/0/default.jpg,1912,2065,image/jpeg
39377895,39377895_wh24mg99b_wp98p867s.jpg,img/39377895_wh24mg99b_wp98p867s.jpg,https://repository.dri.ie/loris/wh24mg99b:wp98p867s/full/full/0/default.jpg,3032,2232,image/jpeg
39377900,39377900_q81208476_qj732x99j.jpg,img/39377900_q81208476_qj732x99j.jpg,https://repository.dri.ie/loris/q81208476:qj732x99j/full/full/0/default.jpg,1372,2236,image/jpeg
39377871,39377871_x633tk894_xd07wc57m.jpg,img/39377871_x633tk894_xd07wc57m.jpg,https://repository.dri.ie/loris/x633tk894:xd07wc57m/full/full/0/default.jpg,2883,3907,image/jpeg
39377896,39377896_wh24mg99b_wm11nc83p.jpg,img/39377896_wh24mg99b_wm11nc83p.jpg,https://repository.dri.ie/loris/wh24mg99b:wm11nc83p/full/full/0/default.jpg,3020,2240,image/jpeg
39377960,39377960_mc883f111_mp496363k.jpg,img/39377960_mc883f111_mp496363k.jpg,https://repository.dri.ie/loris/mc883f111:mp496363k/full/full/0/default.jpg,3940,2196,image/jpeg
39377930,39377930_sj13pr79k_sq87rj471.jpg,img/39377930_sj13pr79k_sq87rj471.jpg,https://repository.dri.ie/loris/sj13pr79k:sq87rj471/full/full/0/default.jpg,2012,2380,image/jpeg
39377923,39377923_pr76tt278_pv63vq11m.jpg,img/39377923_pr76tt278_pv63vq11m.jpg,https://repository.dri.ie/loris/pr76tt278:pv63vq11m/full/full/0/default.jpg,3184,2164,image/jpeg
39377945,39377945_gq67zg032_zw13bw168.jpg,img/39377945_gq67zg032_zw13bw168.jpg,https://repository.dri.ie/loris/gq67zg032:zw13bw168/full/full/0/default.jpg,9163,6148,image/jpeg
39377890,39377890_tx324367z_v1195051m.jpg,img/39377890_tx324367z_v1195051m.jpg,https://repository.dri.ie/loris/tx324367z:v1195051m/full/full/0/default.jpg,2434,3282,image/jpeg
39377910,39377910_t148v699m_t435w383z.jpg,img/39377910_t148v699m_t435w383z.jpg,https://repository.dri.ie/loris/t148v699m:t435w383z/full/full/0/default.jpg,4060,2296,image/jpeg
39377911,39377911_t148v699m_tb09xw518.jpg,img/39377911_t148v699m_tb09xw518.jpg,https://repository.dri.ie/loris/t148v699m:tb09xw518/full/full/0/default.jpg,3864,1800,image/jpeg
39377938,39377938_js95m5678_k069nz35m.jpg,img/39377938_js95m5678_k069nz35m.jpg,https://repository.dri.ie/loris/js95m5678:k069nz35m/full/full/0/default.jpg,3968,2288,image/jpeg
39377811,39377811_2j635q73x_2n506m57s.jpg,img/39377811_2j635q73x_2n506m57s.jpg,https://repository.dri.ie/loris/2j635q73x:2n506m57s/full/full/0/default.jpg,3233,2748,image/jpeg
39377958,39377958_jq08k883f_hx12b5129.jpg,img/39377958_jq08k883f_hx12b5129.jpg,https://repository.dri.ie/loris/jq08k883f:hx12b5129/full/full/0/default.jpg,4493,3213,image/jpeg
39377944,39377944_hm517g596_nv93js72g.jpg,img/39377944_hm517g596_nv93js72g.jpg,https://repository.dri.ie/loris/hm517g596:nv93js72g/full/full/0/default.jpg,3264,2269,image/jpeg
39377884,39377884_v4065w252_v9807n93f.jpg,img/39377884_v4065w252_v9807n93f.jpg,https://repository.dri.ie/loris/v4065w252:v9807n93f/full/full/0/default.jpg,2076,3093,image/jpeg
39377866,39377866_vt15d811j_w089g179r.jpg,img/39377866_vt15d811j_w089g179r.jpg,https://repository.dri.ie/loris/vt15d811j:w089g179r/full/full/0/default.jpg,2660,2396,image/jpeg
39377996,39377996_8s463v65m_90205n33v.jpg,img/39377996_8s463v65m_90205n33v.jpg,https://repository.dri.ie/loris/8s463v65m:90205n33v/full/full/0/default.jpg,2913,5406,image/jpeg
39377879,39377879_z3173m45t_zk528265j.jpg,img/39377879_z3173m45t_zk528265j.jpg,https://repository.dri.ie/loris/z3173m45t:zk528265j/full/full/0/default.jpg,2469,2508,image/jpeg
39377990,39377990_7940nn04k_8623xn60b.jpg,img/39377990_7940nn04k_8623xn60b.jpg,https://repository.dri.ie/loris/7940nn04k:8623xn60b/full/full/0/default.jpg,3857,2320,image/jpeg
39377909,39377909_qv345m51c_qz216h357.jpg,img/39377909_qv345m51c_qz216h357.jpg,https://repository.dri.ie/loris/qv345m51c:qz216h357/full/full/0/default.jpg,2264,3164,image/jpeg
39377976,39377976_d5055919w_db797287j.jpg,img/39377976_d5055919w_db797287j.jpg,https://repository.dri.ie/loris/d5055919w:db797287j/full/full/0/default.jpg,1344,2408,image/jpeg
39377984,39377984_8910zd45n_8c980929w.jpg,img/39377984_8910zd45n_8c980929w.jpg,https://repository.dri.ie/loris/8910zd45n:8c980929w/full/full/0/default.jpg,4435,3309,image/jpeg
39377956,39377956_kw52xz912_m039zv757.jpg,img/39377956_kw52xz912_m039zv757.jpg,https://repository.dri.ie/loris/kw52xz912:m039zv757/full/full/0/default.jpg,2728,2248,image/jpeg
39377905,39377905_pr76tp290_q237xb812.jpg,img/39377905_pr76tp290_q237xb812.jpg,https://repository.dri.ie/loris/pr76tp290:q237xb812/full/full/0/default.jpg,6308,4311,image/jpeg
39377917,39377917_p841p7095_pg15r077v.jpg,img/39377917_p841p7095_pg15r077v.jpg,https://repository.dri.ie/loris/p841p7095:pg15r077v/full/full/0/default.jpg,2736,3048,image/jpeg
39377921,39377921_qr474k69r_qz216c37z.jpg,img/39377921_qr474k69r_qz216c37z.jpg,https://repository.dri.ie/loris/qr474k69r:qz216c37z/full/full/0/default.jpg,2026,2683,image/jpeg
39377954,39377954_gb19tw67d_gf06vs51r.jpg,img/39377954_gb19tw67d_gf06vs51r.jpg,https://repository.dri.ie/loris/gb19tw67d:gf06vs51r/full/full/0/default.jpg,3072,2252,image/jpeg
39377835,39377835_3198b992h_8s464064b.jpg,img/39377835_3198b992h_8s464064b.jpg,https://repository.dri.ie/loris/3198b992h:8s464064b/full/full/0/default.jpg,4252,2730,image/jpeg
39377889,39377889_v4065w359_v6936s194.jpg,img/39377889_v4065w359_v6936s194.jpg,https://repository.dri.ie/loris/v4065w359:v6936s194/full/full/0/default.jpg,3143,5208,image/jpeg
39377731,39377731_9c689669h_9k42c037q.jpg,img/39377731_9c689669h_9k42c037q.jpg,https://repository.dri.ie/loris/9c689669h:9k42c037q/full/full/0/default.jpg,2005,2532,image/jpeg
39377950,39377950_m9012j27f_mg7549953.jpg,img/39377950_m9012j27f_mg7549953.jpg,https://repository.dri.ie/loris/m9012j27f:mg7549953/full/full/0/default.jpg,2140,1288,image/jpeg
39377988,39377988_9w03fn893_9z90gj73d.jpg,img/39377988_9w03fn893_9z90gj73d.jpg,https://repository.dri.ie/loris/9w03fn893:9z90gj73d/full/full/0/default.jpg,3880,4752,image/jpeg
39377914,39377914_nz80kj57s_p554nb259.jpg,img/39377914_nz80kj57s_p554nb259.jpg,https://repository.dri.ie/loris/nz80kj57s:p554nb259/full/full/0/default.jpg,3680,5101,image/jpeg
39377951,39377951_ht259827p_j673dt63d.jpg,img/39377951_ht259827p_j673dt63d.jpg,https://repository.dri.ie/loris/ht259827p:j673dt63d/full/full/0/default.jpg,3432,2180,image/jpeg
39377962,39377962_d7926198q_dj538q50c.jpg,img/39377962_d7926198q_dj538q50c.jpg,https://repository.dri.ie/loris/d7926198q:dj538q50c/full/full/0/default.jpg,4568,3061,image/jpeg
39377943,39377943_h1292057h_h4162w41p.jpg,img/39377943_h1292057h_h4162w41p.jpg,https://repository.dri.ie/loris/h1292057h:h4162w41p/full/full/0/default.jpg,3008,3899,image/jpeg
39377974,39377974_fn10mh818_ft84p9497.jpg,img/39377974_fn10mh818_ft84p9497.jpg,https://repository.dri.ie/loris/fn10mh818:ft84p9497/full/full/0/default.jpg,2917,6112,image/jpeg
39377993,39377993_8k7222979_8w334r49g.jpg,img/39377993_8k7222979_8w334r49g.jpg,https://repository.dri.ie/loris/8k7222979:8w334r49g/full/full/0/default.jpg,2200,3737,image/jpeg
39377965,39377965_fb49hv29h_fj23km97x.jpg,img/39377965_fb49hv29h_fj23km97x.jpg,https://repository.dri.ie/loris/fb49hv29h:fj23km97x/full/full/0/default.jpg,3575,5248,image/jpeg
39377991,39377991_7940nn04k_kh04td69q.jpg,img/39377991_7940nn04k_kh04td69q.jpg,https://repository.dri.ie/loris/7940nn04k:kh04td69q/full/full/0/default.jpg,3901,2327,image/jpeg
39377982,39377982_dn409r39f_dr27bn232.jpg,img/39377982_dn409r39f_dr27bn232.jpg,https://repository.dri.ie/loris/dn409r39f:dr27bn232/full/full/0/default.jpg,2008,2480,image/jpeg
39377959,39377959_mw237w31m_n0108s15h.jpg,img/39377959_mw237w31m_n0108s15h.jpg,https://repository.dri.ie/loris/mw237w31m:n0108s15h/full/full/0/default.jpg,1997,3666,image/jpeg
39377989,39377989_7s75t324k_jq08k897s.jpg,img/39377989_7s75t324k_jq08k897s.jpg,https://repository.dri.ie/loris/7s75t324k:jq08k897s/full/full/0/default.jpg,7011,4538,image/jpeg
39377980,39377980_br86qp45m_bz60sg13t.jpg,img/39377980_br86qp45m_bz60sg13t.jpg,https://repository.dri.ie/loris/br86qp45m:bz60sg13t/full/full/0/default.jpg,2347,3402,image/jpeg
39377972,39377972_dv14cj07x_f188f975m.jpg,img/39377972_dv14cj07x_f188f975m.jpg,https://repository.dri.ie/loris/dv14cj07x:f188f975m/full/full/0/default.jpg,2912,2284,image/jpeg
39377995,39377995_7p88s2415_8049vq93k.jpg,img/39377995_7p88s2415_8049vq93k.jpg,https://repository.dri.ie/loris/7p88s2415:8049vq93k/full/full/0/default.jpg,3152,5607,image/jpeg
39377920,39377920_qf861x176_qn603p85m.jpg,img/39377920_qf861x176_qn603p85m.jpg,https://repository.dri.ie/loris/qf861x176:qn603p85m/full/full/0/default.jpg,2352,2844,image/jpeg
