Image Name,Monument,wd_id,lat_lon,description,date
437item_CMXV55AZU3TGBYNJXCCZIB5JFPMPINFB.jpg,zwinger palace,Q155107,"(51.053055555556, 13.733888888889)",Dresden. Zwingerhof with figures in the foreground,1963
440item_ODPFF25NY24TCWQV7UGOCHZ3VR43MXH3.jpg,königliches schloss,Q167314,"(51.052778, 13.736944)",Dresden. Royal Palace,1902
188item_5QLVSO6II5LWK4LG4NHYOO7CYQMXGSO7.jpg,kreuzkirche,Q301607,"(51.04872, 13.73919)",Dresden. Wrestling coffee at Altmarkt,1959
463item_VPBAHPCOMWOGYGKIFMX7SCR2XKUL2GKK.jpg,zwinger palace,Q155107,"(51.053055555556, 13.733888888889)",Dresden. various city views,1960
437item_KGES3VN7RSFNYGBDNNFKV3BNBTXRGEV7.jpg,goldener reiter,Q558537,"(51.058114, 13.741347)","Dresden. Raising the guard - Neustädter Markt, Hauptstraße",1912
437item_GZWLKQPOILJPBGN4VK7S27GEHSDXMRSQ.jpg,hofkirche,Q666935,"(51.05349, 13.73735)",Dresden. Abendstimmung - Elbbrücke,1972
437item_KXC2X5JSYGEWDDQEOPFKK22MJQWLMJVH.jpg,kath hofkirche,Q666935,"(51.05349, 13.73735)","Dresden. Theater square, courtyard church and castle",1915
440item_ZQC5HGVEPDKW7JQGJTCBGEVGXV2CRIUE.jpg,residenzschloss,Q167314,"(51.052778, 13.736944)",Dresden. Royal Palace,1914
437item_D7OKEQIRRNVXUBSBIPFBLICWDZ574LBX.jpg,hofkirche,Q666935,"(51.05349, 13.73735)",Dresden. View from Dr.-Rudolf Friedrich,1957
437item_FLWHRWJSSXMWNM6OQDZFHP44XYYOFYEQ.jpg,hofkirche,Q666935,"(51.05349, 13.73735)","Dresden. Hofkirche, Zwinger, Italian village",1956
188item_6ADA2CF6EU72DGJAC4PMLILH6S5R3JTV.jpg,residenzschloss,Q167314,"(51.052778, 13.736944)",Dresden. Former Palace Square before Destruction,1956
437item_N5Y6DHK4SDYOKAO6MIC6UW3WL2MKNPY2.jpg,kaiserpalast,Q1650474,"(51.0495, 13.7455)",Dresden. Prague Street,1909
440item_ZRNUPKKLIXVVXM2MTVF3RCJMKPC7UNDR.jpg,zwinger,Q155107,"(51.053055555556, 13.733888888889)",Dresden. Zwinger,1911
188item_B3YLDDMMNBVCHUDRUM5DFYMFXYG33EIV.jpg,augustus bridge,Q450445,"(51.055263, 13.739568)",Dresden. Steamship berths with steamers,1915
2024917photography_ProvidedCHO_Arbejdermuseet___ABA_F20140829072.jpg,zwinger,Q155107,"(51.053055555556, 13.733888888889)",Zwinger - det barokke havekompleks i Dresden på postkort,1925
440item_QLOI7TG256I4K4P4URGDISRAF624LS3I.jpg,semperoper,Q127097,"(51.054444444444, 13.735277777778)",Dresden. Opera House Night,1956
188item_7IMDLTLC4LC5BGNL5FADNCLWU2L4LIAX.jpg,augustusbrücke,Q450445,"(51.055263, 13.739568)",Dresden. Blick auf die Elbe und Landhaus,1915
437item_EVBC3UU464M27YXEQ4BMZHVFH5MUMRON.jpg,pillnitz castle,Q462239,"(51.0089, 13.8702)",Dresden. Pillnitz Castle with steamer Wettin,1915
188item_3DKT54AJAOAUUJ4GII3KSBS24DNIFBH3.jpg,zwinger palace,Q155107,"(51.053055555556, 13.733888888889)","Dresden. Nachtaufn. Hofkirche, Italienisches Dörfchen",1979
440item_X5H2PHDUZOHFESB4UVEMEBK4YQ4DFJKW.jpg,schloss sonnenstein,Q606631,"(50.961, 13.9477)","Pirna. Schloss Sonnenstein. Elbe mit Personen-Seitenraddampfer ""Dresden"" an der Fährstelle Pirna-Posta",1927
188item_5ZKSDXKBSFROHC25XVUAHUS2L3AI545L.jpg,katholische hofkirche,Q666935,"(51.05349, 13.73735)",Dresden. Catholic Court Church,1904
188item_5B3VKVMW2OBAFCTXOYB6LERFLWZW2BJQ.jpg,friedrich august brücke,Q450445,"(51.055263, 13.739568)",Dresden. Friedrich-August-Brücke with trams,1915
188item_3W6MGGS4XVPSW5JUDIQKZGKHQ3YGV2VN.jpg,rathaus,Q1980363,"(51.04799, 13.74111)",Dresden. Town Hall,1956
440item_UNWU4OEQLODGWK5ZFQGZFJLTXGTI4INV.jpg,hofkirche,Q666935,"(51.05349, 13.73735)",Dresden. View from the New Town Bank,1983
437item_JLRTM72FZSYBAZVLZE2P4RKG2YAEGBDH.jpg,goldener reiter,Q558537,"(51.058114, 13.741347)",Dresden. Straße der Befreiung Goldener Reiter,1979
437item_EZYLX5RDWPJKENQ6LLZLZCOX6FWCSCRD.jpg,hofkirche,Q666935,"(51.05349, 13.73735)",Dresden. Catholic Court Church at night,1975
188item_GEGXJEZ3FIEIL2DXIBUV4JWNFJCRYO27.jpg,zwinger palace,Q155107,"(51.053055555556, 13.733888888889)",Dresden. various city views,1960
440item_V3TWIXZ3UNDL3MT37LA6JVBX4IJDPE6M.jpg,neues rathaus,Q1980363,"(51.04799, 13.74111)",Dresden. New Town Hall,1915
188item_6JGLTYHKD6PXUMKXPOTTIESSICJ55E2P.jpg,schloss pillnitz,Q462239,"(51.0089, 13.8702)",Pillnitz. Castle,1957
440item_QBHTC4JWP7VFQIAFX5EJKNHZE4M2R4BC.jpg,albertplatz,Q875634,"(51.0633, 13.7469)",Dresden. Albert Square with tram and horse-drawn horse-drawn,1915
188item_2BUA3CKW5NOXJWW7GOQTWEOALV3WDITB.jpg,zwingerpalast,Q155107,"(51.053055555556, 13.733888888889)",Dresden. various city views,1960
188item_5RWFTY3QYMEDEV5CASKA2D6TECQJ2V4M.jpg,frauenkirche,Q157229,"(51.051944444444, 13.741666666667)",Radebeul. View from the pointed house to Dresden,1927
437item_CATDDJJVJBD5IK2S4ZWR4IGEPSEAUSB3.jpg,zwinger palace,Q155107,"(51.053055555556, 13.733888888889)",Dresden. Zwinger Nymphenbad,1983
188item_43RGJJXLLK5N373XZO5F3GER4RWOYPQK.jpg,residenzschloss,Q167314,"(51.052778, 13.736944)",Dresden. Royal Palace,1898
437item_NH34AJFU363JHDDF6W42VTSLUQR25LMN.jpg,neues rathaus,Q1980363,"(51.04799, 13.74111)","Dresden. Ringstraße, Bismarck monument",1914
188item_5JLSCY2I2REH6KNAOJVQZH7C5T3PXBXC.jpg,residenzschloss,Q167314,"(51.052778, 13.736944)",Dresden. Night shooting Elbe view,1979
188item_5MJMV7KPYJA2SC3KTTAIRSZTD2TBE7AR.jpg,augustus bridge,Q450445,"(51.055263, 13.739568)","Dresden. Blick auf Ständehaus,Schloss,Hofkirche,Elbe",1915
440item_N3CWU4BWBAINE6KFWQ3IUBYWYE7DDHNS.jpg,schloss pillnitz,Q462239,"(51.0089, 13.8702)",Pillnitz. Pillnitz Castle - Elbe with steam,1955
440item_UMRFHACEUQQT64FBANIOT4LZHXIXXYGO.jpg,zwinger palace,Q155107,"(51.053055555556, 13.733888888889)",Dresden. Zwingerhof with crown gate,1976
188item_4KNGBOLJZXAQSCDXONV7QHM7CPW3MZZL.jpg,blaues wunder,Q567518,"(51.053611111111, 13.810833333333)",Dresden. View of Loschwitz and Dresden,1914
463item_UZEQKG75XB4S7XJQFEKDDVWCIGIRBVYB.jpg,stallhof,Q1657854,"(51.0526, 13.739)",Dresden. Stallhof frame,1982
188item_37ZUFCZCIXUXKKP2ONOKROHICUVGGIRC.jpg,hofkirche,Q666935,"(51.05349, 13.73735)",Dresden. Steam landing bridge with steam vessels,1957
188item_6HTVV2V74RW3N7FO54PMP2F6Q56YQMPY.jpg,zwinger palace,Q155107,"(51.053055555556, 13.733888888889)",Dresden. Dresden kennel,1968
440item_T33FE6UJC5NFFYK3ESKH5PSXTMAYTWKB.jpg,zwinger palace,Q155107,"(51.053055555556, 13.733888888889)",Dresden. Zwingerhof and Kronentor,1974
188item_33VAVFXCBBMLRGMW7EKKDKQ3JMXPKWQP.jpg,rathaus,Q1980363,"(51.04799, 13.74111)",Dresden. Town hall at night,1956
188item_5QDSERBTCVEM2HXJ2G7MYSMGPYEMQXA2.jpg,schloss pillnitz,Q462239,"(51.0089, 13.8702)",Pillnitz. Castle,1957
188item_7SSSLHOENCQBTB5CBSAZVFGIU74OIHKI.jpg,zwinger palace,Q155107,"(51.053055555556, 13.733888888889)",Dresden. Zwinger - crown gate,1959
437item_ENPVWIPCM7WU3FG5DOF3IVKVLDIPFOKN.jpg,augustus bridge,Q450445,"(51.055263, 13.739568)",Dresden. Bruges terrace and steam plant stand,1906
463item_YTCRIY56AQ2U7MHFCGJFPLQUNKL64ZQN.jpg,dreikönigskirche,Q1257935,"(51.06111111111111, 13.743055555555555)",Dresden. Albertplatz,1915
188item_7BG6H3EGHCVPSNVEULYLKWVISYCYAZGM.jpg,rathaus,Q1980363,"(51.04799, 13.74111)","Dresden. Town hall, country house, garment house, Pirnaisch. Square",1978
437item_OK5JCFYDQKWKWAIHSE4HBOYHLHO3WHHI.jpg,augustus bridge,Q450445,"(51.055263, 13.739568)",Dresden. Friedrich - August - Brücke,1915
440item_O7H2R25HIC5OOYQOLXWXUURTZOPPKOUS.jpg,ruhende löwen,Q1731,"(51.05, 13.74)",Dresden. Game in the king Large Garden,1914
437item_BYZZ4MVOXYU6TRNTVO6ZUVA5HVNSXUUI.jpg,goldener reiter,Q558537,"(51.058114, 13.741347)","Dresden. Street of liberation, gold. Horsemen, log house",1982
188item_4RGLCYA3SEXRIKKXTBBUFSVWPT66CQHZ.jpg,zwinger palace,Q155107,"(51.053055555556, 13.733888888889)",Dresden. Zwinger Kronentor across,1983
437item_FVYSBS3YYVVY7MPKGEEWDRGVL4L3JQ6Y.jpg,zwinger palace,Q155107,"(51.053055555556, 13.733888888889)","Dresden. Royal Zwinger with facilities, Sophies Church",1914
437item_DAYS75QDGFS5SKFMSFCOE7OWV5YOXNE6.jpg,kasernen albertstadt,Q8893,"(51.08, 13.7575)",Dresden. Barracks of the 2nd K.S. Jäger-Bat. No. 13 - Sachsenplatz,1915
188item_44NWGZFH2NZGSU6CSFCO4LPYKV2QGWOR.jpg,katholische hofkirche,Q666935,"(51.05349, 13.73735)",Dresden. Catholic Court Church,1904
463item_WO4THDIYV7ZMYFK3MI2UI6YB47IXEALT.jpg,sophienkirche,Q896899,"(51.052, 13.735)",Dresden. Royal Castle and Church of Sophies,1911
463item_RY7ZC3B5S7PPLI47TX76TNSJ4BLHTJYP.jpg,hofkirche,Q666935,"(51.05349, 13.73735)",Dresden. Elbe view at night with court church,1977
188item_C7KEPSRSYY7BM7HHKNBCIL2WO2NGGQNA.jpg,georgenschloss,Q167314,"(51.052778, 13.736944)",Dresden. Royal Palace,1915
188item_AFUOYEQI5OZFT5WQVM7QEYJL7O3DQUIG.jpg,hofkirche,Q666935,"(51.05349, 13.73735)",Dresden. Nachtaufnahme Zwinger,1979
188item_DJUGBMX4HLGGB7F4AACV67VK2FFXXO25.jpg,katholische hofkirche,Q666935,"(51.05349, 13.73735)",Dresden. Night spike Court Church from the Bridge,1979
437item_L4ZDEZLQMPGNYJ7ZHPYNQM2GTFCYBT6N.jpg,semperoper,Q127097,"(51.054444444444, 13.735277777778)",Dresden. Semperoper,1986
440item_WFPBEAFGQDVMPO24A3DIJIUS3KFSH5XZ.jpg,semper oper,Q127097,"(51.054444444444, 13.735277777778)",Dresden. various city views,1960
188item_A5TMI2BOJHA6GUPSSCMKYFBNAQRILRMN.jpg,postplatz,Q2106244,"(51.0512, 13.7333)",Dresden. Post Office with trams,1915
440item_V7SOJFMO46KM6ZU5BHWNNVMWXAX4N74S.jpg,kreuzkirche,Q301607,"(51.04872, 13.73919)","Dresden. Airframe Thälmann-Straße - Kreuzkirche, town hall",1963
437item_JRKW3OO52ZGVRDWNQR4NSMGX36KYEK43.jpg,pillnitz castle,Q462239,"(51.0089, 13.8702)",Pillnitz. Schloss mit Park - Elbe mit Dampfer,1972
463item_LPGD6JS6C5UXNHUK3M5SQIGXP27NNAGU.jpg,rathaus,Q1980363,"(51.04799, 13.74111)",Dresden. Ring road,1915
463item_YZ7C3QK4PR2NRDZPULZCKOLQI7O6MS26.jpg,hofkirche,Q666935,"(51.05349, 13.73735)","Dresden. At night, Hofkirche-Ital.Dörfchen-White fleet",1976
437item_D72LDDE6QJPDMCDEOKHPESG45MU7PVYD.jpg,zwinger palace,Q155107,"(51.053055555556, 13.733888888889)",Dresden. Crown gate of the kennel,1963
440item_RNQXM2SNAON63CPKNN2WQCGYBJIECPVK.jpg,augustus bridge,Q450445,"(51.055263, 13.739568)","Dresden. Terrace bank with steamers, courtyard church, opera, bridge",1915
188item_55SICDXUT5WULD6E5MLB54CC7IENYR6W.jpg,hofkirche,Q666935,"(51.05349, 13.73735)",Dresden. Hofkirche,1956
437item_MARI6FP7JQZ444ZHESX5DOJL7VOFDVP6.jpg,albrechtschlösser,Q1325441,"(51.0641, 13.7978)",Dresden. Albrecht castles,1898
463item_V3NFZLDGBOOEKZCML6JJBVFSG4DA3L2U.jpg,zwinger,Q155107,"(51.053055555556, 13.733888888889)","Dresden. Zwinger, Gewandhaus, Johanneum, Hofkirche",1978
463item_S3LPPU6GKRFUGEMMVWJ6ASV3PCFKRHSA.jpg,albrechtsburg,Q679009,"(51.166596, 13.471376)",Chilling. Albrechtburg and Cathedral - Elbe with steamer Dresden,1915
463item_WB5MW76BAPHEFXV6C4ZSMELLSDWXYOCY.jpg,augustus bridge,Q450445,"(51.055263, 13.739568)","Dresden. Fr.-August-Brücke, Hofkirche, Semperoper",1915
188item_2N36VNN7BJHLMMHX5LBYDKQCPFRUQGAS.jpg,zwinger palace,Q155107,"(51.053055555556, 13.733888888889)",Dresden. Crown gate of the Zwinger at night,1975
188item_G6XCFTWO3RR5QOCIWAZGHN2I2FIWCLS2.jpg,semperoper,Q127097,"(51.054444444444, 13.735277777778)",Dresden. Semperoper,1986
188item_IRYDJB245R2XAUNRA7QX7AXHEZPCBAV2.jpg,zwinger palace,Q155107,"(51.053055555556, 13.733888888889)",Dresden. Various city views,1984
188item_BIQ5Q3RRMCSIZ5WTNWVRFMHGZ36M53DJ.jpg,zwinger palace,Q155107,"(51.053055555556, 13.733888888889)",Dresden. Zwingerhof in the snow,1984
440item_JXBIPNSNITNXDODCBEHXFHC37KCZSVW4.jpg,friedrich august brücke,Q450445,"(51.055263, 13.739568)","Dresden. Friedrich-August-Brücke, Elbe m. Damper Hohenzollern",1915
437item_GAN74EFIMWROWQ2BHMBD7POQHQMKVAYD.jpg,zwinger,Q155107,"(51.053055555556, 13.733888888889)","Dresden. Zwinger - Kronentor,Wallgraben und Brücke",1959
440item_XQ7WTWVJFBSR2OOXBCGZG564KBCC2R76.jpg,kreuzkirche,Q301607,"(51.04872, 13.73919)",Dresden. old market,1915
440item_NEZTR4OO5I2KG6QHRJLIFFIMNSATUBZW.jpg,palais im großen garten,Q2047292,"(51.0378, 13.7628)",Dresden. Palais im Kön. Großen Garten,1914
440item_Z5IFAUZRDS5U5CYISNFURIJTJEZOHBQ7.jpg,zwinger palace,Q155107,"(51.053055555556, 13.733888888889)",Dresden. Zwinger - crown gate at night,1956
440item_WSPUY7TXRGFLE2MR6D4HVRKGIKAHXGJ4.jpg,augustus bridge,Q450445,"(51.055263, 13.739568)",Dresden. Steamship berths with steamers,1915
437item_EOU63VGQDNW4WKDZJWGWMHXZYT6S3R4R.jpg,fernsehturm,Q72662384,"(51.04023, 13.84908)","Dresden. Altmarkt, Prager Straße, Television Tower",1972
437item_DR7UNXQSZSULP46RI567VW5NB5LE4ZHM.jpg,augustusbrücke,Q450445,"(51.055263, 13.739568)",Dresden. Terrasssenufer mit Dampfer Kaiser Wilhelm,1906
437item_LKU7PDSOZZAYB4MX3KEERAWK6TZJUFK6.jpg,pirnaischer platz,Q873693,"(51.0492, 13.7452)",Dresden. Pirnaic Square,1915
440item_VQXF2PCUEFMJ3NZGI7FHSYHRTRYYFSOQ.jpg,blaues wunder,Q567518,"(51.053611111111, 13.810833333333)",Dresden. Loschwitz,1898
440item_YOPJWZQSSJHQNGXI7Y2SBCAUGM5VDYLJ.jpg,residenzschloss,Q167314,"(51.052778, 13.736944)",Dresden. Royal castle with tram,1915
188item_4VLAH3NSUBX3PSRKD4FI5TIRKW5YEUR4.jpg,zwinger palace,Q155107,"(51.053055555556, 13.733888888889)","Dresden. Town hall, Zwinger, Kreuzkirche, Altmarkt",1962
437item_PSYUDG3BPNOI4CGLVTPEKKYANAGKJPVF.jpg,zwinger palace,Q155107,"(51.053055555556, 13.733888888889)",Dresden. Zwinger Wallpavillon up,1983
188item_AX4YPUECVFVYWQWDB7OQBZQ3EKCNTI2Q.jpg,augustus bridge,Q450445,"(51.055263, 13.739568)",Dresden. Blick von der Carolabrücke,1901
188item_2XAPCJLW2OJXCS22JW57WTLPTVKX6PXO.jpg,zwinger pavillon,Q155107,"(51.053055555556, 13.733888888889)",Dresden. Zwinger - pavilion,1915
188item_2REZOVSISMFZGENIBDJGKRI7TY4U2NVQ.jpg,straße der befreiung,Q1415990,"(51.0602, 13.7435)",Dresden. Straße der Befreiung mit Normaluhr,1979
440item_HQ3ESP5NDH4CQYDQ3LO3F6UAJXWPAYYR.jpg,zwinger palace,Q155107,"(51.053055555556, 13.733888888889)","Dresden. Zwingerhof with Wallpavillon, Mädchen a.d. Bank",1963
188item_5P6YCEPVVKCXO3VDKXJAHR3FTH7QR3HI.jpg,zwinger palace,Q155107,"(51.053055555556, 13.733888888889)","Dresden. Zwinger - Kronentor, Wallgraben und Brücke",1959
437item_GZWUDN44P56WPCZ3RGCVPJTCP754DCWQ.jpg,hofkirche,Q666935,"(51.05349, 13.73735)",Dresden. Hofkirche,1988
188item_5ZVEUTHGKT5UU6Q7MRG6W6UK4BFBD7ZR.jpg,albrechtsburg,Q679009,"(51.166596, 13.471376)","Postkarte ""Fritze Bliemchen und Albrechtsburg Meissen""",2020
463item_XOJVEFTYUS2AOEHACP2TA52FYXMWEAFB.jpg,neues rathaus,Q1980363,"(51.04799, 13.74111)",Dresden. New Town Hall,1915
437item_H5XAS4C6OXYV565FENXGDVK7VWY7QUOI.jpg,altmarkt,Q21161975,"(51.04972, 13.73806)","Dresden. Altmarkt and König-Johann-Straße, tram and horse drugkks",1902
440item_QTT6GQCOPR6RXC6KEDMZOQNRGVN2OYJP.jpg,der stallhof,Q1657854,"(51.0526, 13.739)",Dresden. Stable yard,1906
188item_BKEJHSN5IMARONB4646D3XBN6W23TCOH.jpg,augustusbrücke,Q450445,"(51.055263, 13.739568)",Dresden. Steamship - mooring,1914
437item_EE2KZGXHPOR3MDSRXB4M2DVPGSS2Y6VG.jpg,albrechtsburg,Q679009,"(51.166596, 13.471376)",Meißen. Albrechtsburg u. Dom - Elbe m. Dampfer Dresden,1914
463item_XHZ54444JQJWXHZ3DHX3NFHZFBEGFEKT.jpg,sächsisches ständehaus,Q1674291,"(51.053056, 13.739167)",Dresden. Blick v. d. Terrassen n. d. Ministerium,1915
440item_XJVRX6PGBCAT6QHIBYT5G5JLO2OSSW3C.jpg,zwinger palace,Q155107,"(51.053055555556, 13.733888888889)","Dresden. Zwinger, crown gate",1963
188item_3FC7PMLXTFLJ32VN2T5VDWIFINIDG7HZ.jpg,zwinger palace,Q155107,"(51.053055555556, 13.733888888889)",Dresden. Zwinger - crown gate,1959
188item_32IEDUUHJ3XBPZIYPUL6PAZKLOINST4C.jpg,zwinger,Q155107,"(51.053055555556, 13.733888888889)",Dresden. Zwinger,1910
463item_U46AR4ZTZE47PRK7T66YV5DQA7UFBFTI.jpg,kreuzkirche,Q301607,"(51.04872, 13.73919)",Dresden. Cross Church and Red Flower Discounts,1963
437item_GXAE42HISTSMJLN34TAGSHKYJJIM4VRO.jpg,zwinger palace,Q155107,"(51.053055555556, 13.733888888889)","Dresden. Zwinger, view after the Wallpavilion",1935
437item_FATPF7GUXAWBZWXJ4DOTEZ7ZXLDSKNHM.jpg,blaues wunder,Q567518,"(51.053611111111, 13.810833333333)","Dresden. Prague Street, Television Tower, Blue Miracle",1972
440item_QIGYE3FKN5ZRPZKS5FJ5WVKBVYSQYCF7.jpg,augustus bridge,Q450445,"(51.055263, 13.739568)",Dresden. Barracks of the Royal Saxon 1st Grenadier Regiment,1898
463item_RQENSTIGY6BHJZDN2TQ27HICZH45DJLN.jpg,schloss pillnitz,Q462239,"(51.0089, 13.8702)",Pillnitz. Schloss Pillnitz,1955
440item_XXIPL3L6XPDQDQPLW5JWWCJMBH52W27T.jpg,augustus bridge,Q450445,"(51.055263, 13.739568)","Dresden. Friedrich-August-Brücke, Elbe m. Damper Bohemia",1915
440item_TLOLN5T4N53EBYOEFHNPZFA4HWUSG2VS.jpg,carolabrücke,Q1044279,"(51.05456, 13.74703)","Dresden. Carolabrücke, Semperoper, Hofkirche, Schloss und Brühlsche Terasse",1898
440item_WRV5DOUN6XYTCIYVAJJS265ETLH53ZGT.jpg,zwinger palace,Q155107,"(51.053055555556, 13.733888888889)",Dresden. Zwinger with coat of arms,1978
440item_JGI2SZQ35L5LC7BOTYRLSPMUMTIBMESY.jpg,friedrich august brücke,Q450445,"(51.055263, 13.739568)","Dresden. Fr.-August-Brücke,Dampfer Bohemia u. König Fr.-Aug.",1915
437item_GOBHTMA6EVECB7JEQGDH7UUX4YILURAI.jpg,augustus bridge,Q450445,"(51.055263, 13.739568)","Dresden. Fr.-August-Brücke, Hofkirche, Semperoper",1915
188item_7DOKL3PKPI5S4D44MQ3D34QDF5CUGHDS.jpg,augustusbrücke,Q450445,"(51.055263, 13.739568)","Dresden. Ministry of General Affairs, Aug.Bridge, steam. Fr.-Joseph",1906
437item_MFDJNTDUSNGKFDBVVPRCKOPO5W5EKJYW.jpg,dreikönigskirche,Q1257935,"(51.06111111111111, 13.743055555555555)",Dresden. Albertplatz,1915
188item_3WNBBLPAHMZMOC7ASBHVLAF5ATQLUS76.jpg,zwinger palace,Q155107,"(51.053055555556, 13.733888888889)",Dresden. Zwinger Kronentor high,1983
440item_RDN5UPMNASF6AR4GX7O6ZC7Q2U4TIGUW.jpg,zwinger,Q155107,"(51.053055555556, 13.733888888889)","Dresden. Zwinger, Prager Straße, Elbe m. Motorship",1983
188item_73SQRYNYBT7IPZDD3BPTJHYLLHJSBVTB.jpg,zwinger,Q155107,"(51.053055555556, 13.733888888889)","Dresden. Zwinger, Hof",1957
437item_MREMYJYJEYQ5PUBULUNBOCVHIT53JMVH.jpg,carolabrücke,Q1044279,"(51.05456, 13.74703)",Dresden. Bl. From Carola Bridge a. Elbe m. Steam Pirna,1906
440item_OLOFC4FEZMKKQIIIPGQOLBH7Y3WSNS4N.jpg,kulturpalast,Q1791798,"(51.051, 13.7385)",Dresden. Kulturpalast - Panoramakarte,1976
440item_O355DEECJ3LB7CYD3QZ4YW3BDZEIYV2U.jpg,carolabrücke,Q1044279,"(51.05456, 13.74703)","Dresden. Ministry of General Affairs, Carolabrücke, Dampfer K.F.Josef",1910
440item_OCJUI2GWCGIKMMHOEPSGK45WL3LA7VSX.jpg,semperoper,Q127097,"(51.054444444444, 13.735277777778)",Dresden. Semperor opera Night recording,1985
440item_ZFZRMIWRDGZQIHRXDIAFWOEKFDOPNM5Q.jpg,zwingerteich,Q110247348,"(51.05433, 13.73221)",Dresden. Zwingerteich,1910
437item_BRNXCIL2JQZM7GYACNFFPPD6ZF6MM3DV.jpg,augustus bridge,Q450445,"(51.055263, 13.739568)",Dresden. Friedrich - August - Brücke,1915
437item_MWU4LEPX4CFGKJB2KJCIYD65FENAAGUV.jpg,augustus bridge,Q450445,"(51.055263, 13.739568)",Dresden. Friedrich-August-Brücke with trams,1915
440item_QM5VXGN4JFYIVZQSQTJNMK4YEUPIZ6ID.jpg,zwinger palace,Q155107,"(51.053055555556, 13.733888888889)",Dresden. Zwingerhof with Wallpavilion,1963
437item_JCZVM2YVUC3RSAXPQOJURPWOAGACFMJ3.jpg,könig albert kaserne,Q8893,"(51.08, 13.7575)",Dresden. Royal Albert Barracks,1898
188item_2BTSWXY6U4JF2SVT4P4QTGD36TJFF6BY.jpg,bogenschütze,Q110627868,"(51.057383370318, 13.751746943590106)",Dresden. Bogenschütze am Dr.Rud.-Friedr.- Ufer,1963
440item_T3RSZSZRYZQKGIX5PCEHJUH6G2REXNCQ.jpg,semperoper,Q127097,"(51.054444444444, 13.735277777778)",Dresden. Theater Square with Semperoper,1906
440item_OPD3ZF2WV7BBOXHBFKEJG25VUQNDR5WK.jpg,augustus bridge,Q450445,"(51.055263, 13.739568)",Dresden. Barracks of the Royal Saxon 1st Grenadier Regiment,1898
440item_TMNVXBNXKOSBY34SWJMQAMWU4FQWH7VW.jpg,zwinger palace,Q155107,"(51.053055555556, 13.733888888889)",Dresden. Television tower + 4 motives,1988
188item_FKNEHRU2MHBUDBZNZPFXFJQDDGXE3PPY.jpg,rathaus,Q1980363,"(51.04799, 13.74111)",Dresden. New Town Hall,1914
463item_YU6SSAYRIXH6QOUYTBNMOEG7HQMRFIUF.jpg,rathaus,Q1980363,"(51.04799, 13.74111)",Dresden. New Town Hall with Gewandhaus,1963
463item_PRNI7YBYPZ5Q63XMUTUV4LVWHHHWSOFC.jpg,kreuzkirche,Q301607,"(51.04872, 13.73919)",Dresden. Altmarkt mit Kreuzkirche und Kaufhaus Renner,1906
188item_B3B6CEHB5CF6R3CUL3SARGDTM3YYHLYS.jpg,schloss pillnitz,Q462239,"(51.0089, 13.8702)",Pillnitz. Schloss Pillnitz mit Elbe und Dampfer,1957
188item_5DBCMNJB2AEUUINMXXBGZ3CABPE3QZPU.jpg,augustus bridge,Q450445,"(51.055263, 13.739568)",Dresden. Barracks of the 2nd K.S. Jäger-Bat. No. 13 - Sachsenplatz,1915
463item_VFCHTBRBXFYNZJATNUFWKWZXIKWYKFB4.jpg,zwinger palace,Q155107,"(51.053055555556, 13.733888888889)",Dresden. Zwingerhof and Kronentor,1959
188item_A7YAOKMWDGCYI5LSRSP4HKYIVHBQ5RC2.jpg,neustädter hauptwache,Q1981794,"(51.0582, 13.7414)",Dresden. New Town guard,1915
188item_5DXB322YUBD6HGQNVYFYHO2RJYA52ZR6.jpg,zwinger,Q155107,"(51.053055555556, 13.733888888889)",Dresden. various city views,1960
188item_7M3O7IEWLWHYS7BFVGIAHNCYQ6SL4LTV.jpg,blaues wunder,Q567518,"(51.053611111111, 13.810833333333)",Dresden. View of Loschwitz and Dresden,1914
437item_FZGN5SRX3VANQ4PWM6YR5QO7PHYXOHEY.jpg,augustusbrücke,Q450445,"(51.055263, 13.739568)",Dresden. Augustus Bridge. View of Dresden-Neustadt,1902
440item_OSMDTXZYZNRCRSARJ5YZYE3EN5HDBHVA.jpg,katholische hofkirche,Q666935,"(51.05349, 13.73735)",Dresden. Hofkirche,1985
463item_YSCUS7WK2XJMXWIGN3AL2AUKY2AQ2XDF.jpg,pirnaischer platz,Q873693,"(51.0492, 13.7452)",Dresden. Pirnaischer Platz mit Straßenbahn und Pferdewagen,1902
440item_YTSLGNJRSAGAAJAPPPYTCUIWJ4JQVYUJ.jpg,kreuzkirche,Q301607,"(51.04872, 13.73919)",Dresden. Altmarkt with Palace of Culture,1972
437item_DYS5WSHE2I3KIJFUZNOZGFIDJD4QI2YE.jpg,kulturpalast,Q1791798,"(51.051, 13.7385)",Dresden. Kulturpalast u. ThälmannStraße Bl. v.d. Kreuzkirche,1972
188item_6LYQXGJRD3AGS6UCHGEJOVRP2PMHAMKF.jpg,zwinger palace,Q155107,"(51.053055555556, 13.733888888889)",Dresden. various city views at night,1960
440item_TFT7ODKSC4TZ5Y3Q2EB7FSAKPK5N5RRA.jpg,zwinger palace,Q155107,"(51.053055555556, 13.733888888889)","Dresden. Hofkirche, Johanneum, Gewandhaus, Zwinger",1978
188item_5QXUSWSWTXOFZDQIJPUKDIAOXXC5HUVN.jpg,augustus bridge,Q450445,"(51.055263, 13.739568)","Dresden. Friedrich-August-Brücke, Elbe m. Damper Hohenzollern",1915
188item_E5QSNX5B67DIWZSD27K6YKJ43TXPEM5W.jpg,zwinger palace,Q155107,"(51.053055555556, 13.733888888889)",Dresden. Zwingerhof in the snow,1984
463item_KS3HHHJDAUSEWHISN7SVVU4D32YQ5J6N.jpg,zwinger,Q155107,"(51.053055555556, 13.733888888889)",Dresden. Royal kennel,1904
437item_J37SAZEQQ5H6AMGM3W2DELMJ6SGFVYV4.jpg,zwinger palace,Q155107,"(51.053055555556, 13.733888888889)",Dresden. various city views,1983
188item_2VVGZGZGSN3UJPXUYWJ33EDL2L4FGCXJ.jpg,zwinger palace,Q155107,"(51.053055555556, 13.733888888889)","Dresden. The kennel, crown gate",1963
188item_6DPYTOYGG6H3QFCEGEUPOOYUV6UMGBML.jpg,augustus bridge,Q450445,"(51.055263, 13.739568)",Dresden. Barracks of the 2nd K.S. Jäger - Battalions No. 13,1915
437item_DZH2WGVNYU5XWK6EPVWXJIXBPK4IDJEZ.jpg,semperoper,Q127097,"(51.054444444444, 13.735277777778)",Dresden. Semperoper,1985
188item_2XCMX3LONLGUGPYOKL23CX3GI66IA6IS.jpg,hofkirche,Q666935,"(51.05349, 13.73735)",Dresden. Bruges terrace and steam landing stage,1935
188item_364RXXLYKLKCLV2IUPORH6QODC2VEVR4.jpg,rathaus,Q1980363,"(51.04799, 13.74111)",Dresden. Pirnaic Square and Thälmann - Straße,1963
440item_ZVSW2LFGZM7K7ZBMGA7XZFTNM5DUGYBZ.jpg,zwinger palace,Q155107,"(51.053055555556, 13.733888888889)",Dresden. various city views,1960
440item_RY4YZ52ERZZQJLAZGNEEFATGAWQ3JK3X.jpg,neues rathaus,Q1980363,"(51.04799, 13.74111)",Dresden. New Town Hall,1915
440item_ZDOTRNSQLIXYYVE3QRTFC6BYMS5QORGS.jpg,augustus bridge,Q450445,"(51.055263, 13.739568)",Dresden. Altstadt mit Augustusbrücke und Katholischer Hofkirche,1898
188item_535GDAWQG2TO7LR5V3UR6T5HSUFBWLES.jpg,zwinger palace,Q155107,"(51.053055555556, 13.733888888889)",Dresden. Crown gate of the kennel,1976
440item_RF5TFX42OUO2PYYYSFQJO6USSSDYEZVZ.jpg,frauenkirche,Q157229,"(51.051944444444, 13.741666666667)",Dresden. New plants on Königsufer,1935
437item_CNMWPNZSXYX7IRQDITBUX6OMDHUG7I4K.jpg,albertplatz,Q875634,"(51.0633, 13.7469)",Dresden. Albertplatz und Neustadt,1904
440item_OB6BXFVA3HT4BYGOZ6CE5ECEN77NIBIG.jpg,augustus bridge,Q450445,"(51.055263, 13.739568)",Dresden. Friedrich - August - Brücke,1911
440item_XIZPGC5MJUU43YIRKGTJQWVZYV7QLE5L.jpg,pillnitz castle,Q462239,"(51.0089, 13.8702)",Schloss Pillnitz,1955
437item_PL3533IYYERTJ2PR7Q5EYEIYLZAFLFMS.jpg,augustus bridge,Q450445,"(51.055263, 13.739568)",Dresden. Elbansicht Terrassenufer mit Motorschiff,1983
440item_OSGHLKOA7ZMDQ5WS2GWZF5OBCPCXYUT2.jpg,augustus bridge,Q450445,"(51.055263, 13.739568)","Dresden. Hofkirche, castle, Augustusbrücke, Elbe m. Steamers",1915
440item_R5IUDE7LBT43NL7P76JJFFNTWG56TKGM.jpg,kgl palais im großen garten,Q2047292,"(51.0378, 13.7628)",Dresden. Royal Palais in the Great Garden,1915
440item_NM3XUH3BZ5J7XUF7NJW53QO5E3AMV72R.jpg,zwinger palace,Q155107,"(51.053055555556, 13.733888888889)","Dresden. Terasse bank, Zwinger, country house",1984
440item_Y3ME3NIGDHCY4RDT43DOWURLRXVAGNGD.jpg,zwinger,Q155107,"(51.053055555556, 13.733888888889)",Dresden. Night spike Zwinger from the Postplatz,1979
440item_ILZNITFDSWUYY6PNSXJCMIMWXDTTCSEK.jpg,stallhof,Q1657854,"(51.0526, 13.739)",Dresden. Stallhof frame,1982
440item_OAJXSWVZLUVD447YD3MRHOWJ7XAUP5XH.jpg,zwinger,Q155107,"(51.053055555556, 13.733888888889)",Dresden. Zwinger 3 pcs.,1981
440item_T33FRWPB4UOFIUT2UNAMGZXFFLC2XFZX.jpg,zwinger palace,Q155107,"(51.053055555556, 13.733888888889)","Dresden. Zwinger - crown gate, day",1956
440item_TAKHHZIBSIKEEJGJYNRAR4JSXPEGZYXO.jpg,zwinger palace,Q155107,"(51.053055555556, 13.733888888889)","Dresden. Kulturpalast, Rathaus, Zwinger",1978
437item_GAZCELCTWGJ4WYCUEIIDCPUG2KYMWEEA.jpg,garnisonkirche,Q327868,"(51.0746, 13.7595)",Dresden. Garrison Church,1901
437item_LAB75BN7ESXBQ3J5LY3RZNLIG5WX44XI.jpg,fernsehturm,Q72662384,"(51.04023, 13.84908)",Dresden. Fernsehturm - Turmcafe,1985
440item_LM3TNAEZC7VJCRV4VDBYUFGQV7SM5KJR.jpg,hofkirche,Q666935,"(51.05349, 13.73735)",Dresden. View from the royalty,1935
440item_UIWXBRBGIVGXRWNHXODLCWOENSATQP3B.jpg,neues rathaus,Q1980363,"(51.04799, 13.74111)",Dresden. Ring road,1915
188item_6QIHEYRMS5VF7UWCG3CUXQYMVUBI53BC.jpg,zwinger palace,Q155107,"(51.053055555556, 13.733888888889)","Dresden. Zwinger - Nachtaufnahme, Kronentor",1972
463item_TG4UZES2M5PF5PCUGHJ6L6ELJELSKZWG.jpg,palais im großen garten,Q2047292,"(51.0378, 13.7628)",Dresden. Palais in the Great Garden,1989
463item_L7GRK6XQPKMJSEOHNFTGRID34DQITNHR.jpg,zwinger palace,Q155107,"(51.053055555556, 13.733888888889)",Dresden. Zwinger Kronentor high,1983
188item_2RO2WRUD6PZBDLXF6E2MCIK4V5KED3HN.jpg,augustus bridge,Q450445,"(51.055263, 13.739568)",Dresden. View of Dresden- Altstadt,1912
437item_WXET4RJEJZAIWN7NNKKJXUS5YOXDIAKG.jpg,pillnitz castle,Q462239,"(51.0089, 13.8702)",Pillnitz. Schloss Pillnitz,1955
437item_SWQE4KKQULKMGO33LSRRRUCRWKZPH3EU.jpg,zwinger,Q155107,"(51.053055555556, 13.733888888889)",Dresden. Royal Zwinger,1914
188item_47WEN3CCEFZQKIMWNWD2ZSHUW353UUR5.jpg,augustus bridge,Q450445,"(51.055263, 13.739568)","Dresden. Terrace bank with steamers, courtyard church, opera, bridge",1915
437item_LWP6MAJEQNUWGWC5A5VKD3VKZERI2L3C.jpg,augustus bridge,Q450445,"(51.055263, 13.739568)","Dresden. Carolabrücke, Semperoper, Hofkirche, Schloss und Brühlsche Terasse",1898
463item_VAS6DIMS4GUZBT2E6FF7HKH3XNZOOVRO.jpg,garnisonkirche st martin,Q327868,"(51.0746, 13.7595)",Dresden. Garrison Church,1903
440item_L6PXHYCHDMPNY3GKONKDVFEYVRCNUXOD.jpg,kgl zwinger mit anlagen,Q155107,"(51.053055555556, 13.733888888889)","Dresden. Royal Zwinger with facilities, Sophies Church",1914
463item_QDKUREHS2U247JHJHN57WR3FHSLPIBNL.jpg,residenzschloss,Q167314,"(51.052778, 13.736944)",Dresden. Royal castle and court church,1904
440item_O7KVQRT42NTM642D56Y4OA3AQA6UUIA6.jpg,hotel newa,Q1631010,"(51.0423, 13.7356)",Dresden. At Altmarkt,1959
437item_DKLMXQFPIY3VR6XIPYAVD7ZQCYPHIEYW.jpg,hofkirche,Q666935,"(51.05349, 13.73735)",Dresden. Landing place of the steamers and Bruges terrace,1957
440item_Q6OMN5BOT5GOUZ5PVAAWAUTQI4P5WWHK.jpg,japanisches palais,Q468137,"(51.05972222, 13.7375)",Dresden. Liberation Street/Japanese Palace,1988
437item_ITHUTHWZE6XNOJQQWCD2RDEKBBHAEDNZ.jpg,semperoper,Q127097,"(51.054444444444, 13.735277777778)",Dresden. Semperoper,1985
463item_KU5Y2PF4IVRTV4Y7CXBJOAT2H76DFG2Y.jpg,königlicher schlosshof,Q167314,"(51.052778, 13.736944)",Dresden. Royal Palace Court,1904
437item_DU5VHYF5H447KSFM73GYU4IXSBCHUSFV.jpg,rathaus,Q1980363,"(51.04799, 13.74111)",Dresden. New Town Hall,1915
188item_BKQMZCM7LD6MTQE6EIZR2PPQRLXOMFE7.jpg,altstädter rathaus,Q14444258,"(51.0497, 13.7367)",Dresden. Old Town Hall with trams,1906
188item_2R3HC4FO6CPRAEG4AS5MF5SH7GS7XINR.jpg,kreuzkirche,Q301607,"(51.04872, 13.73919)",Dresden. Altmarkt with Cafe Prague,1959
437item_DPOCAA7SK3G373UWX5TBT7VRLBP2AYK2.jpg,zwinger,Q155107,"(51.053055555556, 13.733888888889)",Dresden. Zwinger,1910
188item_B4BRVS5LMHR6NEQPVSQX7EKQD7IXYL5A.jpg,blaues wunder,Q567518,"(51.053611111111, 13.810833333333)","Dresden. Blasewitz, Loschwitzer Bridge (Blue Miracle)",1898
440item_WX2CGYZ4LXKZ7ZBPU6T5BECLJ5RM3QV6.jpg,zwinger palace,Q155107,"(51.053055555556, 13.733888888889)","Dresden. Zwinger, crown gate",1963
440item_YCVH4LBF5GIPUIUHGGJ3H775LRHUHI56.jpg,rathaus,Q1980363,"(51.04799, 13.74111)",Dresden. 5-tlg. m. Police headquarters + town hall,1984
463item_YD3VLSH6TWHXTY7HNWWFPE6RPUVG7U5E.jpg,semperoper,Q127097,"(51.054444444444, 13.735277777778)",Dresden. Semperoper,1985
188item_4JUNABKIXMHJVGSBVBHIO6JWRJ6L46LL.jpg,zwinger,Q155107,"(51.053055555556, 13.733888888889)",Dresden. Royal Palace and Taschenberg - Palace,1911
188item_4YS435EHH3XMLZGNJHOJCIRKXRMCTHNE.jpg,semperoper,Q127097,"(51.054444444444, 13.735277777778)",Dresden. Theater Square with Semperoper and tram,1903
188item_HTWFJEPEICRCAN4L43NYHFWHWGDUKZNA.jpg,zwinger palace,Q155107,"(51.053055555556, 13.733888888889)",Dresden. Zwinger - crown gate and bridge,1959
188item_4KR4M3BSBLDNA66J3IBU66PGKOKSQJ6Y.jpg,augustus bridge,Q450445,"(51.055263, 13.739568)",Dresden. Friedrich - August - Brücke,1915
437item_TIE2O3MR3V2NMEH2HVDEYCG7NISZ6EK7.jpg,schlosswache,Q1533940,"(51.0461, 13.8292)",Dresden. Guards on a guard,1903
440item_NT3IAWOWCE4EUACDGBPDKCYTKMYTLNUE.jpg,blaues wunder,Q567518,"(51.053611111111, 13.810833333333)",Dresden. Blue Miracle,1972
188item_7QGMDGX4MU4IP53T2WELRLXR3UPASIEQ.jpg,residenzschloss,Q167314,"(51.052778, 13.736944)",Dresden. Royal Palace,1915
463item_NYRYEW4PTO64CCNVEBFZTBIOGIZN2HTP.jpg,stallhof,Q1657854,"(51.0526, 13.739)",Dresden. Stable yard,1986
437item_JYUPIYXDS2CT4YUIW2TMYEISM5QU2M5W.jpg,kreuzkirche,Q301607,"(51.04872, 13.73919)",Dresden. old market,1915
188item_623ALKBRTGJGYKCRG6WH3MRQJJWEYXHT.jpg,zwinger palace,Q155107,"(51.053055555556, 13.733888888889)","Dresden. Zwinger, crown gate",1963
463item_LWPRQ7FWAZ6PWEJNQNGZOW7D45OHZRQG.jpg,friedrich august brücke,Q450445,"(51.055263, 13.739568)","Dresden. Friedrich-August-Brücke, Elbe m. Damper Bohemia",1915
188item_67P43JDNNODKECFJ7ZLNIWDTYV7RTSDT.jpg,postplatz,Q2106244,"(51.0512, 13.7333)",Dresden. Mail Place,1911
440item_TRCPXQIAAFQEOZXECKORR4ZMS3PHOIHQ.jpg,stallhof,Q1657854,"(51.0526, 13.739)",Dresden. Stable yard,1986
188item_764NO62F2QXHHIIOCINZIYGTHHCVKN62.jpg,albertstadt kasernen,Q8893,"(51.08, 13.7575)",Dresden. Barracks of the K. S. Schütz- (Füsilier-) Regiment No. 108,1901
463item_ZF3THXW5JEE5P62D4OVWBH6ERMLDWDGW.jpg,blaues wunder,Q567518,"(51.053611111111, 13.810833333333)","Dresden. Blick auf Loschwitz, Blasewitz und Dresden",1915
437item_GV5KA22E45ZNZ362HVLMWQWG73ZJUP7F.jpg,pillnitz castle,Q462239,"(51.0089, 13.8702)",Pillnitz. Castle with Elbe and steamer,1957
437item_MGNE5SJHB27R533T566KZZYL53WEYTKV.jpg,augustus bridge,Q450445,"(51.055263, 13.739568)",Dresden. Terrace bank with steam ships,1904
440item_RVABAO2K6GC3FGUHT57TYMF2SGFGZ2PM.jpg,zwinger,Q155107,"(51.053055555556, 13.733888888889)",Dresden. Zwinger and castle with tram,1902
437item_D7IMDBTRYSKUIBMTN3FXFMN67ELUBPMG.jpg,zwinger palace,Q155107,"(51.053055555556, 13.733888888889)",Dresden. various city views,1960
437item_F35ZK6RDBKQ7OLJLU4STYF4WTINRKIP7.jpg,neues rathaus,Q1980363,"(51.04799, 13.74111)",Dresden. New Town Hall,1914
440item_WOKFK7FIA7U3XJUNPZ3GBK5SGJDUGUNW.jpg,residenzschloss,Q167314,"(51.052778, 13.736944)",Dresden. Royal Palace,1898
440item_VR6P2Y64OCE7XJ55XBDLMDZXZETNI6FG.jpg,augustusbrücke,Q450445,"(51.055263, 13.739568)",Dresden. Terrace bank with steam ships,1904
440item_M5MLFVFV57IHW3YPFQKPLYJ2IMTTLFZ7.jpg,semperoper,Q127097,"(51.054444444444, 13.735277777778)",Dresden. Semperoper,1986
437item_GAYUNZRM73446EQTSJCM4LKXCZM2W32M.jpg,augustus bridge,Q450445,"(51.055263, 13.739568)",Dresden. View from Dr.-Rudolf Friedrich,1957
440item_QOGGZ3BVA2FIXNMB3ZVCXGHB3B5V6SAG.jpg,augustus bridge,Q450445,"(51.055263, 13.739568)",Dresden. Dresden with Aeroplan,1915
463item_YOVSWBJ5TR2WEB5FDPKXUAALZT3BEXZV.jpg,zwinger,Q155107,"(51.053055555556, 13.733888888889)","Dresden. Dresden, Zwinger 3 pcs. top Canaletto",1984
440item_PBBQGJJPB76R7RYX4OVBXYPWN5PJG4SU.jpg,kaiserpalast,Q1650474,"(51.0495, 13.7455)",Dresden. Prague Street,1909
440item_OZJHW5RCX4QDMBAUQUHMSPCPLI2GWW5W.jpg,augustus bridge,Q450445,"(51.055263, 13.739568)","Dresden. Blick auf die Elbe und Landhaus, Brühl.Ter.",1915
437item_CPVLFPGJH7WQYC4OU57GLXJYSHGZLCJQ.jpg,augustus bridge,Q450445,"(51.055263, 13.739568)","Dresden. Hofkirche, castle, Augustusbrücke, Elbe m. Steamers",1915
188item_5ASV45IVFSLKNIKOXDAXPR23JMR3HJOR.jpg,zwinger palace,Q155107,"(51.053055555556, 13.733888888889)",Dresden. Plants in Zwinger,1959
437item_KTSLXPALATLISNQIWTU3WEQRYMGVPONM.jpg,sophienkirche,Q896899,"(51.052, 13.735)","Dresden. Zwinger, castle, Sophies Church and tram",1902
188item_A2TSOWQDHRCKLUH33MMTXAR4C7CBZ7CC.jpg,albrechtsburg,Q679009,"(51.166596, 13.471376)",Chilling. Albrechtburg and Cathedral - steamer Dresden,1955
437item_M3BA4AHZLVLVY4CWNQAKPVHKNT6IAQ6F.jpg,kreuzkirche,Q301607,"(51.04872, 13.73919)",Dresden. old market,1915
437item_UL5LVOSMZVRJRK36Y4C2LT4MSY35MFJH.jpg,pillnitz castle,Q462239,"(51.0089, 13.8702)",Dresden. Pillnitz Castle with steamer Wettin,1915
188item_HUH7VE2OX3I26KXGXGYNH23JEOP6QC22.jpg,moritzburg castle,Q156803,"(51.167572222222, 13.679611111111)","Dresden. Umgebung - Meißen, Pillnitz, Moritzburg",1984
188item_2QHCBCYEMKEHUUIIGWKOAEESBAWXYYCU.jpg,semperoper,Q127097,"(51.054444444444, 13.735277777778)",Dresden. Semperoper Nacht,1985
463item_YYU4WQIEOVTVCVYQCOZBQO7Y3D6KLSAD.jpg,semperoper,Q127097,"(51.054444444444, 13.735277777778)",Dresden. Television tower + 4 motives,1988
463item_YFWWL2Y6H3636RJP5UXVDA6QWWAOSM35.jpg,zwinger,Q155107,"(51.053055555556, 13.733888888889)",Dresden. Königlicher Zwinger - Innenhof,1906
440item_RYGBDQ3E5LK7HVUDWFCGG4HGTG7ICH4G.jpg,zwinger palace,Q155107,"(51.053055555556, 13.733888888889)",Dresden. Zwinger Kronentor Night shooting,1985
188item_57IU3CNYDN3QZI7FXJPQAMZD36P4SAWE.jpg,residenzschloss,Q167314,"(51.052778, 13.736944)",Dresden. View from the Brühlschen terrace,1910
437item_HSYESQY7BVOPCCEULOZ6CQP5QIPWIZHL.jpg,zwinger palace,Q155107,"(51.053055555556, 13.733888888889)",Dresden. Zwinger Hof + Wallpavillon across,1983
463item_MKEXLT72UNJXDRA5LFQHHIXJ7EDHDAWJ.jpg,augustus bridge,Q450445,"(51.055263, 13.739568)",Dresden. Steamship berths with steamers,1915
463item_VXUCX3EZJECGIIXJ6TZQAJEALL5HL3E2.jpg,wasserwerk saloppe,Q1684388,"(51.0649, 13.7881)",Dresden. Waterworks with Saloppe,1898
188item_2P2ZJEGMMZI5VSEZIBWNXWDGCHNEDEQD.jpg,albertplatz,Q875634,"(51.0633, 13.7469)",Dresden. Albertplatz,1915
437item_NDPCBOMSJYV5XJEBUGUZNIPKLIPMBCRW.jpg,augustus bridge,Q450445,"(51.055263, 13.739568)","Dresden. View of the Old Town v. Dr.-R.-Friedrich shore, before destruction",1956
437item_Q6GX3YUA7PLYJUWSOWKDS5VEZABEKJMC.jpg,friedrich august brücke,Q450445,"(51.055263, 13.739568)",Dresden. Friedrich - August - Brücke,1915
463item_VRBLHIWE7KVCAT542NO6GMT5I3W5WFDZ.jpg,zwinger,Q155107,"(51.053055555556, 13.733888888889)",Dresden. Royal Zwinger,1914
440item_UVEX7VQT7ZQ4NWDKLMQH4SPRPUJ73K6D.jpg,schloss pillnitz,Q462239,"(51.0089, 13.8702)",Pillnitz. Schloss Pillnitz - Elbe mit Dampfer Junger Pionier,1955
437item_FWN6MXBFLFHWNGTY7D6JWZOMIMY7Y22F.jpg,kgl palais im grossen garten,Q2047292,"(51.0378, 13.7628)",Dresden. Royal Palace in the Great Garden,1911
188item_ADQGIQBTBVX27YTPLQR44COVDTGBIMHJ.jpg,königliches schloss,Q167314,"(51.052778, 13.736944)",Dresden. Royal castle and court church,1904
463item_XMQ2TZN3LXRQBPRK3ZXMCNMRY7CZNW3Y.jpg,hofkirche,Q666935,"(51.05349, 13.73735)",Dresden. Hofkirche - Night shooting,1975
437item_GY5D4ESLHCHKKXSFI6BXJJN3VBCBCZXA.jpg,schloss pillnitz,Q462239,"(51.0089, 13.8702)",Pillnitz. Castle,1957
437item_FU4MZXFDBXICHRBBM5CGJ35BC3G5TYAF.jpg,zwinger,Q155107,"(51.053055555556, 13.733888888889)","Dresden. Town hall, Zwinger, Blue Miracle, Pirnaisch. Square",1978
440item_VQCKZ46GAY7RTN4YQDCI2OE6PFQFXTNL.jpg,hofkirche,Q666935,"(51.05349, 13.73735)",Dresden. Elban view at night,1975
188item_EJOBUJBTRGT625J2HLJLPWCWLMAEQM5B.jpg,palais im großen garten,Q2047292,"(51.0378, 13.7628)",Dresden. Large garden 6 pcs.,1979
188item_AEHDSWHY3OOWBKFDPNPCKOAQ6DAKP3CI.jpg,friedrich august brücke,Q450445,"(51.055263, 13.739568)",Dresden. Friedrich - August - Brücke,1915
463item_TXJMZ3XQKB5FUU4V5R4IGS4CRC35Z75T.jpg,hofkirche,Q666935,"(51.05349, 13.73735)","Dresden. Steam Landings, Hofkirche",1935
440item_TF2DQTBCQ5SKS2MHOUSJZK5RPTKUP2DR.jpg,zwinger palace,Q155107,"(51.053055555556, 13.733888888889)",Dresden. Bl.a.d.Großhaus a.d.Kronentor d. Zwingers,1963
463item_NNM2CNC733WS5KNLQ5XZSCKFM53U7UKD.jpg,zwinger palace,Q155107,"(51.053055555556, 13.733888888889)",Dresden. Zwinger crown gate with bridge,1959
188item_DY6PH2C64BJCGYS2UQEJDJKOF35RWCDB.jpg,goldener reiter,Q558537,"(51.058114, 13.741347)",Dresden. Hotel Bellevue 3-tlg.,1986
440item_NGWK26MN24Z7WUSV4MGQIX6Q46XCRECG.jpg,fernsehturm,Q72662384,"(51.04023, 13.84908)",Dresden. Television tower with restaurant,1975
440item_QC6ZCO4LMEFERGFCJ3RLX2TVUU625IZ2.jpg,neues rathaus,Q1980363,"(51.04799, 13.74111)",Dresden. New Town Hall,1911
440item_SWQV44YGRBHBJSDJA64365HQUDG7TX4M.jpg,zwinger,Q155107,"(51.053055555556, 13.733888888889)","Dresden. Zwinger, Wallpavilion",1935
188item_42M26JDJ6KAE4FSFTZNQNO4V5WEZ42PU.jpg,hauptstraße,Q1415990,"(51.0602, 13.7435)","Dresden. Main street, Epiphany Church, Golden Horseman",1906
440item_Y6V2Z7CBZCE35FKUKGV6SSEG2IEERHO5.jpg,friedrich august brücke,Q450445,"(51.055263, 13.739568)",Dresden. Friedrich - August - Brücke,1911
188item_4RC4G2SDFNIUBP2UFOUQXUGXK6FIPBON.jpg,frauenkirche,Q157229,"(51.051944444444, 13.741666666667)",Dresden. History. Silhouette/Bellevue/log house,1988
188item_ANFJQRFQVWIWOW765JIFUNFLF7VRRC7I.jpg,residenzschloss,Q167314,"(51.052778, 13.736944)",Dresden. Castle and courtyard church of St. Bruges Terrace,1915
188item_5T7OVSU4J3XBSLPLTWPH7ES6T4HI62AW.jpg,brühlsche terrasse,Q25711,"(51.053427, 13.740206)","Dresden. Brühlsche Terrasse, Elbe mit Dampfern",1910
437item_J3ETKPM6WTYW7XFZ4Q6HOMMW5S2DJYRI.jpg,zwinger palace,Q155107,"(51.053055555556, 13.733888888889)","Dresden. Zwinger, Wallpavilion",1963
440item_YMGGFC7YVR4FEAX37D46W2K2G5EQ3PUC.jpg,zwingerteich,Q110247348,"(51.05433, 13.73221)",Dresden. Zwingerteich,1904
463item_VNK5FK4ONKMUHGHP7YSPGUM4ZO3MEUL5.jpg,hofkirche,Q666935,"(51.05349, 13.73735)",Dresden. Hofkirche,1956
440item_RNCRI66IY5PBE5M67F5JPKD42VHHWBP2.jpg,italienisches dörfchen,Q1675160,"(51.0544, 13.7373)",Dresden. Italian village,1924
440item_JVI4D6HCEMIBQ2BVQUK37CK2LT7DSFYT.jpg,zwinger,Q155107,"(51.053055555556, 13.733888888889)",Dresden. Zwinger aerial photo,1963
437item_DOAE34TUJ7P2LZN2NOOA2K534YC4RPIY.jpg,palais im großen garten,Q2047292,"(51.0378, 13.7628)",Dresden. Royal Palais in the Great Garden,1915
440item_TG5TB5I6VFXUCH3G2QTKO7FVFL2Y6BSW.jpg,kgl zwinger mit anlagen,Q155107,"(51.053055555556, 13.733888888889)",Dresden. Zwinger with facilities and Sophies Church,1915
188item_6FUKCKHFJ3EK7TY6AWLDTGTSZEKSYAM6.jpg,kaffee amtshof,Q715742,"(51.0469, 13.7725)","Dresden. Sachsenplatz, coffee Amtshof",1915
463item_WCMPGSSFW2GOY4TNYUDZ3J7CZDUIOMCR.jpg,zwinger palace,Q155107,"(51.053055555556, 13.733888888889)",Dresden. Zwinger Hof + Mathemat. physical. Salon,1983
437item_FJTYEX6ECHQITCC7BHZ4QHP3CTHOY6F3.jpg,schloss pillnitz,Q462239,"(51.0089, 13.8702)",Pillnitz. Castle,1977
463item_OSEGENLWDGIN64WC3XQZA6C5KJTS6UVD.jpg,augustus bridge,Q450445,"(51.055263, 13.739568)","Dresden. Elbe, Augustus Bridge, Hofkirche, Castle Tower",1915
440item_S7LFTWGT5DACHDEZKHZE3OPHS3FSBCJV.jpg,zwinger,Q155107,"(51.053055555556, 13.733888888889)",Dresden. Royal kennel,1904
440item_OQBSU2CSVIZWRSOIATJTLES3HT4MW42Z.jpg,palais im großen garten,Q2047292,"(51.0378, 13.7628)",Dresden. Royal Palais in the Great Garden,1915
188item_2Y6IDJQIY6EUUJ6X5INYVHMM5HHTC3ZW.jpg,kreuzkirche,Q301607,"(51.04872, 13.73919)",Dresden. Altmarkt und Kreuzkirche,1959
2020601https___1914_1918_europeana_eu_contributions_13393.jpg,bismarck denkmal,Q866406,"(51.047, 13.7359)","Feldpost vom 7.12.14, abgesandt in Dresden:  Rotes Kreuz + Kgr. Sachsen ""Dresden während des Weltkrieges 1914  'Unser Bismarck lebt fort' """,2014-02-10
188item_HJ4X4S6LMDWHNFQ2PNQP3LYH5RBEOSYC.jpg,carolabrücke,Q1044279,"(51.05456, 13.74703)",Dresden. Blick von der Carolabrücke,1901
188item_ASN4ZCKRDTAWGYIMXMNGM5CUONK3MRCN.jpg,kreuzkirche,Q301607,"(51.04872, 13.73919)",Dresden. old market,1915
188item_GBAWP42K344HFYW7OJ5D7U3DZN4JBPQ5.jpg,garnisonkirche,Q327868,"(51.0746, 13.7595)",Dresden. Garrison Church,1903
463item_QIOKG3KY2UDYUTEPRIHJI43TSUGM4AXW.jpg,kreuzkirche,Q301607,"(51.04872, 13.73919)",Dresden. Main street,1902
188item_75OS2FUEHC5NWFGHPI46RE2YCR6OHQ75.jpg,zwinger,Q155107,"(51.053055555556, 13.733888888889)","Dresden. Landhaus, Rathaus, Zwinger, Hofkirche",1978
463item_OTAYW7HJBA4YL6RZVKXN42NGX2DXSWYU.jpg,rathaus,Q1980363,"(51.04799, 13.74111)","Dresden. Prague street, town hall, Pion.Palace, Palace of Culture",1978
440item_RLLDDHOL47HBQKBPB37OYLC5KZSAZPZO.jpg,augustus bridge,Q450445,"(51.055263, 13.739568)","Dresden. Augustusbrücke,Hofkirche,Semperoper",1911
188item_5I2EGGQQENTIYEWCDWF7ULI23YXYR5VF.jpg,hofkirche,Q666935,"(51.05349, 13.73735)",Dresden. Bruges terrace with steam ships,1957
437item_CHVH26H5OCJ6ETHZMBRX54PCRCY44EPJ.jpg,anlagen im grossen garten,Q446470,"(51.0375, 13.763055555556)",Dresden. Facilities in the Great Garden,1910
437item_QXAXA5GLYDNKOUU7LWYA53UDOIAAM4N3.jpg,zwinger palace,Q155107,"(51.053055555556, 13.733888888889)",Dresden. Zwinger - crown gate,1959
188item_DNTCBK2PGECIWFW2GK5KX5L4OYS4ZKJC.jpg,blaues wunder,Q567518,"(51.053611111111, 13.810833333333)","Dresden. Blick auf Loschwitz, Blasewitz und Dresden",1915
188item_E4IQIJ6PPTKARBA4X3KTZTQYSEKYXOGF.jpg,albertplatz,Q875634,"(51.0633, 13.7469)",Dresden. Albertplatz und Neustadt,1904
440item_LNXNM26JUU5RZAS6MJJIXTMLFMQS325M.jpg,kreuzkirche,Q301607,"(51.04872, 13.73919)","Dresden. E.-Thälmann-Straße, Altmarkt and Kreuzkirche",1959
440item_ZPCJHIFK57HPK2TWBIWXDDL5MEOCXPU7.jpg,augustus bridge,Q450445,"(51.055263, 13.739568)","Dresden. Landing place of the steamships, Hofkirche, Semperoper",1903
188item_A4YXLVQ4NPCMAELRJ3XLERAGZE3R2HYP.jpg,zwingerteich,Q110247348,"(51.05433, 13.73221)",Dresden. Zwingerteich,1906
440item_SOPOTATJBY4JO67NREZ7OEWINV6CKNDM.jpg,goldener reiter,Q558537,"(51.058114, 13.741347)","Dresden. Jap. Palais, street d. Liberation, Neust. Market",1984
188item_HBMZGFAOZSQWQXRW5XF27KJETWDL4F6V.jpg,gänsediebbrunnen,Q1558779,"(51.0491, 13.7404)",Dresden. Street of Liberation 4 pcs.,1981
463item_XXNBOS5RPIR2OU7CUGNGHB57MHZ7VAGJ.jpg,brühlsche terrasse,Q25711,"(51.053427, 13.740206)",Dresden. Bruges terrace and steam landing stage,1935
188item_CLKRRVAY6EF4QYNQUSFOGXQHXQDPZBUD.jpg,semperoper,Q127097,"(51.054444444444, 13.735277777778)",Dresden. Blick v. d. Terrassen n. d. Ministerium,1915
188item_BAD7675Z6RFWDFWHND7LMN2NRH5NF4NT.jpg,schloss pillnitz,Q462239,"(51.0089, 13.8702)",Pillnitz. Castle,1957
188item_6QV67IOGMGGLOFDFCTZLRYZWQPCHRWN6.jpg,augustusbrücke,Q450445,"(51.055263, 13.739568)",Dresden. Altstadt mit Augustusbrücke und Katholischer Hofkirche,1898
440item_PJTQWDIPTMOPTCS7H3ISXS27JUIK7WNW.jpg,albertplatz,Q875634,"(51.0633, 13.7469)",Dresden. Albertplatz und Neustadt,1904
440item_UE47HJ42P2OJEUCFKHVNTIPEFCYTSWIW.jpg,zwinger palace,Q155107,"(51.053055555556, 13.733888888889)",Dresden. crown gate,1968
437item_MPX4NMQWR3H2QWPJLZR57UALHWSC2K3B.jpg,kreuzkirche,Q301607,"(51.04872, 13.73919)","Dresden. Aerial view Altmarkt, Rathausturm, Kreuzkirche",1963
463item_QDBYUSEF4TJNU7WADT23JI6UTUSNVCJC.jpg,albrechtsburg,Q679009,"(51.166596, 13.471376)",Meißen. Albrechtsburg u. Dom - Elbe m. Dampfer Dresden,1925
440item_L56TGU2Z57X2AKSTVRGYJTI764RR7Z3Z.jpg,blaues wunder,Q567518,"(51.053611111111, 13.810833333333)","Dresden. Blasewitz, Blue Miracle, Gastst. Beautiful view",1983
463item_ZBDOTRXCOYYS7JJ3S6GTFLH5UT2UQN4H.jpg,augustus bridge,Q450445,"(51.055263, 13.739568)","Dresden. View of the steam landing stage, Augustus Bridge",1912
437item_F65GST2ADQ3SNI2AMV2WPZPZIQAGGTSS.jpg,schloss pillnitz,Q462239,"(51.0089, 13.8702)",Pillnitz. Castle,1982
437item_CACAPHKIVNZGSOQV7DZJNSP3U6WOF5ZY.jpg,hofkirche,Q666935,"(51.05349, 13.73735)","Dresden. Hofkirche, Italienisches Dörfchen",1956
463item_Z3RELYSGNCDXWJQA34E3V5MQOPMP4VPV.jpg,schillerdenkmal,Q47108234,"(51.06198, 13.74478)",Dresden. Bruges terrace and courtyard church,1972
437item_I6E7TR3U6UQRMQLNS34VMC37W4EOQ24L.jpg,zwinger palace,Q155107,"(51.053055555556, 13.733888888889)",Dresden. Zwinger - crown gate,1956
437item_ZMOFKQSQMCZIJVWG5I2ONQAGOXZW6YBV.jpg,hauptstraße,Q1415990,"(51.0602, 13.7435)","Dresden. Main street, Epiphany Church, Golden Rider and tram",1902
437item_KQKT7QCHFUSHKL3VFIRCYA5VBRFA2FHQ.jpg,augustus bridge,Q450445,"(51.055263, 13.739568)",Dresden. Blick auf die Elbe und Landhaus,1915
440item_OA7WIFUNM2JZ64JXUHXHMS57Z34W66YH.jpg,augustus bridge,Q450445,"(51.055263, 13.739568)",Dresden. Friedrich - August - Brücke,1915
437item_JKJHWBBBTA3SVO7WLDEBTDKY5PN5PDSB.jpg,garnisonkirche,Q327868,"(51.0746, 13.7595)",Dresden. Albertplatz,1915
440item_NXFO3NEVJQVCBTIAZRODAN3GXRF7OUHA.jpg,pillnitz castle,Q462239,"(51.0089, 13.8702)",Pillnitz. Schloss Pillnitz,1955
188item_A6UNQZPE4RUTFZAHFFI33VFKRCZDVATP.jpg,zwinger pavillon,Q155107,"(51.053055555556, 13.733888888889)",Dresden. Zwinger - pavilion,1911
440item_RA7V4FKFHIHHHDCDEWDJDTR5KK365VY4.jpg,zwinger palace,Q155107,"(51.053055555556, 13.733888888889)","Dresden. Zwinger, bridge",1963
463item_KDTSRGF2TIK7UNB34VTRLKIU4347ZYFL.jpg,friedrich august brücke,Q450445,"(51.055263, 13.739568)",Dresden. Friedrich - August - Brücke,1915
440item_OD326L4VML7UNXHDTUIWTF2DIKOVGF6Q.jpg,semperoper,Q127097,"(51.054444444444, 13.735277777778)","Dresden. Theater Square, Semperoper, tram",1906
463item_OJIEMNOQK77UOWMTJMXFWX47BJWFIBBX.jpg,kreuzkirche,Q301607,"(51.04872, 13.73919)",Dresden. Bl.v.N.Rathaustum a.Kreuzkirche u. Altmarkt,1963
440item_NRCXQDZOSBUC2S26QQHEDFLBLAU2JZLE.jpg,augustus bridge,Q450445,"(51.055263, 13.739568)",Dresden. View from the royalty,1935
188item_63K3KL5DPMXW3KEIBQYDIRVYMTFTFXOM.jpg,blasewitz loschwitzer brücke,Q567518,"(51.053611111111, 13.810833333333)","Dresden. Blasewitz, Loschwitzer Bridge (Blue Miracle)",1898
437item_O62ZHXRH3CRTSMY4E5IYHQQOKQJ6DUCJ.jpg,kreuzkirche,Q301607,"(51.04872, 13.73919)",Dresden. The Church of the Cross,1963
437item_D6OJO6PLB53RSXPZ7ZRR7VJRZMECKODF.jpg,augustus bridge,Q450445,"(51.055263, 13.739568)",Dresden. Friedrich-August-Brücke with steamer Bastei,1915
463item_UMOXDYXJOMLLAUENBKCVNUZTEFKTA6GN.jpg,zwinger palace,Q155107,"(51.053055555556, 13.733888888889)",Dresden. Crown gate de Zwingers at night,1975
437item_JYZYVSNIRKZCJTV3LYK4FZPZYN43C3V2.jpg,residenzschloss,Q167314,"(51.052778, 13.736944)",Dresden. Royal Palace,1904
188item_6ZECQTMWB4YSOXWQNW3ETHYJNMM2OC3F.jpg,friedrich august brücke,Q450445,"(51.055263, 13.739568)",Dresden. Friedrich-August-Brücke,1915
188item_3ZSRPZGWLKPYN2GPCBBAYTOQLUXXNL7R.jpg,zwinger palace,Q155107,"(51.053055555556, 13.733888888889)",Dresden. Zwinger - Wallpavilion,1958
463item_TL7ULSCPNTMEY6DOOV46VUYOEW2B2YMX.jpg,sächsisches ständehaus,Q1674291,"(51.053056, 13.739167)",Dresden. Country house design,1989
440item_PYSNUHXBRQMFZC3ZH4W6E5LGRBONCWKU.jpg,friedrich august brücke,Q450445,"(51.055263, 13.739568)",Dresden. Friedrich - August - Brücke,1915
188item_24XPIHTY65BNSQ7BCVC2S5NWFTUJHUHG.jpg,garnisonkirche,Q327868,"(51.0746, 13.7595)",Dresden. Albertplatz,1915
440item_NXAM6FJVI3EE4I3SDINQNUE56Y57PE3R.jpg,katholische hofkirche,Q666935,"(51.05349, 13.73735)",Dresden. various city views,1960
188item_2QONSR5TRYFOW4PVMYH4TTVTESUC6TT4.jpg,hauptstraße,Q1415990,"(51.0602, 13.7435)","Dresden. Main street, Epiphany Church and Golden Rider",1899
463item_XOZWEHDGVTAF2DLJ3K5GTHHPBEBYDVLP.jpg,augustus bridge,Q450445,"(51.055263, 13.739568)",Dresden. Dresden with Aeroplan,1915
437item_K3UO7RVM6FUGS7W7ROWUVASKM2OBDWLQ.jpg,zwinger palace,Q155107,"(51.053055555556, 13.733888888889)",Dresden. various city views,1972
463item_VMT5FRTXHDO3PWXNX55ZLEM4HXEZQEPE.jpg,semperoper,Q127097,"(51.054444444444, 13.735277777778)",Dresden. Hoftheater = Semperoper,1910
437item_N6KYEPSAV53TNZRSF4BFSHDHL4HT2SXV.jpg,zwinger,Q155107,"(51.053055555556, 13.733888888889)",Dresden. Zwinger with facilities and Sophies Church,1915
440item_UUWM2PLB2KLQZPB357MSOHV7ZAXQZE3T.jpg,zwinger palace,Q155107,"(51.053055555556, 13.733888888889)",Dresden. The kennel,1968
188item_2ZUH6ASC5APBVKB6OV2VAVNB25WM3ZHZ.jpg,augustus bridge,Q450445,"(51.055263, 13.739568)",Augustus Bridge,1727/1731
188item_65TH7E76QV5HZLKFBLU5J5W2HB66B5WZ.jpg,zwinger palace,Q155107,"(51.053055555556, 13.733888888889)","Dresden. Town hall, Zwinger, Ringcafe, Kreuzkirche, Altmarkt",1962
440item_Y73PU4L3LT2GEB7RT6OPA4XOIWZFULYF.jpg,hauptstraße,Q1415990,"(51.0602, 13.7435)",Dresden-Neustadt. Main street,1901
188item_5IL6FL7H4VTUYG57DK6DENFCRULGEEUA.jpg,zwinger palace,Q155107,"(51.053055555556, 13.733888888889)",Dresden. Zwingerhof and Kronentor,1959
437item_DOA5LXLHAKCKYVHPM2ATLQ6TZDJ6VXNA.jpg,zwinger palace,Q155107,"(51.053055555556, 13.733888888889)",Dresden. Crown gate of the kennel,1976
440item_ZKNIOB3AGMDXBXUT2TWBCVSHJNEYCQFJ.jpg,sächsisches ständehaus,Q1674291,"(51.053056, 13.739167)",Dresden. Barracks of the 2nd K.S. Jäger-Bat. No. 13 - Sachsenplatz,1915
440item_XVCFTNJBBOMONNHTDUUNV5JHQJMPDG4S.jpg,semperoper,Q127097,"(51.054444444444, 13.735277777778)",Dresden. Semperoper,1986
188item_BFA73MLHM62MKOTHB36LK5CRV5UE4NDU.jpg,marienbrücke,Q1897647,"(51.0608, 13.7319)",Dresden. Bl. St. Mary’s Bridge a.d. Elbe m. Steam,1906
437item_C2DWVCAQ5ODXIAIU4TD2VRYPSDN3SW54.jpg,ausstellungspalast,Q2359997,"(51.0448, 13.7564)",Exhibition Palace,1911
440item_X64NJJ36JB5Z4ARZ3Z3B6BMFLIAHO6NC.jpg,zwinger palace,Q155107,"(51.053055555556, 13.733888888889)",Dresden. Night spike Zwinger from the Postplatz,1979
440item_VLNQZASYPNV2WSBUDEA2WRPXG4BSDCLR.jpg,augustus bridge,Q450445,"(51.055263, 13.739568)",Dresden. Bruges terrace and steam landing stage,1935
437item_FGNKF5J5AJE3IX3BNXYWMKRFMDCMVX3M.jpg,staatsschauspiel,Q870330,"(51.05218, 13.731833)",Dresden. Palace hotel and theater,1915
440item_SRHQY7ORHS46S4NIP6ID4GCNBYC4LSNF.jpg,fernsehturm,Q72662384,"(51.04023, 13.84908)",Dresden. Television Tower,1972
188item_67ADF6E5Z2E3QK6RTI5XRNTV44UENJ2Y.jpg,zwinger palace,Q155107,"(51.053055555556, 13.733888888889)","Dresden. Zwinger, Wallpavilion",1969
188item_6Y3NC5IJS5BYJRPKFEOZXGT5Q4KNQWZX.jpg,zwinger palace,Q155107,"(51.053055555556, 13.733888888889)",Dresden. various city views,1982
188item_6SBLTR46MLS6X5YCWOI56IYIL3T7OKDM.jpg,jägerkaserne,Q1714876,"(51.0562, 13.7581)","Dresden. Jägerkaserne, Elbe mit Dampfer König Albert",1910
437item_IR33SVNKX464VSB3L2HOPZ6ZUN3CAOPX.jpg,schloss lockwitz,Q1507217,"(50.9876, 13.8089)",Lockwitz. Castle,1905
437item_JK6VCRUHDPTXLPGXSP6XZNKGO3DMIABT.jpg,frauenkirche,Q157229,"(51.051944444444, 13.741666666667)",Dresden. Game at the Art Academy,1915
463item_Y3P5DJNZQBWNCTHM7BE6ROAJGUYR3GHI.jpg,zwinger palace,Q155107,"(51.053055555556, 13.733888888889)",Dresden. Zwinger - crown gate,1957
440item_Y7EGMTX4LTZMVWUDPXDPWEFG7G44W72G.jpg,hauptwache,Q445838,"(51.0531, 13.7357)",Dresden. New town market and main guard,1911
437item_KKEKL6NPE3GX6JS5TYBYR55VH4ZPH6BD.jpg,semperoper,Q127097,"(51.054444444444, 13.735277777778)",Dresden. Semperoper,1986
188item_3RVPJOMCKIKZQ5R7T2HDWVUF2ON4NWJD.jpg,zwinger palace,Q155107,"(51.053055555556, 13.733888888889)","Dresden. Zwinger - Kronentor,Wallgraben und Brücke",1959
188item_65EBFQDFLTE67PBEVP227WB5JMFODEMK.jpg,kgl schloß mit georgentor,Q1508741,"(51.0531, 13.7381)",Dresden. Castle with George Gate,1909
188item_FZMZBPE54P6FCEDASYBTOQUN4P2U5LOR.jpg,palais im großen garten,Q2047292,"(51.0378, 13.7628)",Dresden. Great Garden of Carolasee,1906
188item_AT6ZFQZDFM4IVN57CXAF6VJ3T4PHGDNZ.jpg,kreuzkirche,Q301607,"(51.04872, 13.73919)",Dresden. Pirnaic Square with tram,1915
188item_2ICHUHJOVJFYON4ZNAO5N7KHRWQCIFDN.jpg,academy of fine arts,Q464752,"(51.05284167, 13.74244444)",Dresden. Game at the Art Academy,1915
188item_AIF4FKFQJTVZST5EJGB255RINZIP3JQW.jpg,zwinger palace,Q155107,"(51.053055555556, 13.733888888889)",Dresden. Zwinger in Autumn,1980
463item_TEREUEJ4VXSSPF5U3OXKZYPE2PF2YEUN.jpg,residenzschloss,Q167314,"(51.052778, 13.736944)",Dresden. Royal Palace,1904
188item_5PMTNEVFUVVHWXEIMH2SXDM5BMUTCVUL.jpg,augustus bridge,Q450445,"(51.055263, 13.739568)",Dresden. Bruges terrace with white fleet,1976
437item_GWEYI3AZ5ET6HYBVO4TB3K2H6JUMYZ5Q.jpg,palais im großen garten,Q2047292,"(51.0378, 13.7628)",Dresden. Palais in the king Large Garden,1915
188item_7AYVMBF45QBHEOWMLGM6X4SMD4U2A43V.jpg,zwinger kronentor,Q155107,"(51.053055555556, 13.733888888889)","Dresden. Zwinger, crown gate",1957
440item_UI2XNI2EM5ZQ34PFCQXSFWIS6HCKXAUF.jpg,katholische hofkirche,Q666935,"(51.05349, 13.73735)",Dresden. Catholic court church and royal castle,1906
188item_54RLX5B6DKYNJIGU754BO47VFFFA3CBE.jpg,zwingerteich,Q110247348,"(51.05433, 13.73221)",Dresden. Zwingerteich,1915
188item_CNHKKBDY67DKBGA673AK63W5PSI4OAKV.jpg,pirnaischer platz,Q873693,"(51.0492, 13.7452)",Dresden. Pirnaic Square with tram,1915
188item_5DS2L52E6SCNBBVRNOMXNYNW3SJL32CO.jpg,semperoper,Q127097,"(51.054444444444, 13.735277777778)",Dresden. Georgentor/opera/Stallhof,1986
437item_DXKAYJ4D5ESSIB3S2VS6XJZGHGVDXZPY.jpg,palais im großen garten,Q2047292,"(51.0378, 13.7628)",Dresden. Large Garden,1906
437item_ODDIMVVRKHYCEC6BB5PXXZYMSV7OH45I.jpg,kreuzkirche,Q301607,"(51.04872, 13.73919)",Dresden. Main street,1910
188item_6QN2FIGBB4P3B5KD6BJ7IGR4XGRJ53T7.jpg,albrechtsburg,Q679009,"(51.166596, 13.471376)",Chilling. Albrechtburg and Cathedral - steamer Dresden,1955
440item_XQXTB65MJAIUPFDELUBWZE63SLAUELFF.jpg,zwinger palace,Q155107,"(51.053055555556, 13.733888888889)",Dresden. Zwinger Hof + Kronentor high,1983
188item_4R3ENNIDNMVJQGIKOAJO7WXTW4LUPYD5.jpg,augustus bridge,Q450445,"(51.055263, 13.739568)",Dresden. Barracks of the 2nd K.S. Jäger-Bat. No. 13 - Sachsenplatz,1915
437item_JOBVHO6QS4JMYHJH6BDKSWUBJOYJCL5N.jpg,palais im großen garten,Q2047292,"(51.0378, 13.7628)",Dresden. Royal Palais in the Great Garden,1915
440item_P35W4OQ4OXKR4EMAYIRQKKOAMDOCN7AU.jpg,palais im großen garten,Q2047292,"(51.0378, 13.7628)",Dresden. Palais in the Great Garden,1957
440item_WGYCGHWJKIREDZCYACGYDQAFXTWAELTI.jpg,blaues wunder,Q567518,"(51.053611111111, 13.810833333333)",Dresden. Floating railway,1984
188item_GL7W37BDU46PEQ2P7UIYG5ZZMD5TLJEC.jpg,ständehaus,Q1674291,"(51.053056, 13.739167)",Dresden. Mail Place,1911
437item_GEQQ7I665QNWKET2EJUMZO2TDVJZ2EE7.jpg,zwinger palace,Q155107,"(51.053055555556, 13.733888888889)",Dresden. Crown gate of the Zwinger at night,1977
437item_GHGAFI5KLWMQRMVGQY4TMGMLQSUBBS32.jpg,schloss lockwitz,Q1507217,"(50.9876, 13.8089)",Lockwitz. Castle,1905
188item_5FH6M3BJN7IHLAKW3JKXE37AUGMJ6S2M.jpg,schloss pillnitz,Q462239,"(51.0089, 13.8702)",Pillnitz. Schloss Pillnitz mit Elbe und Dampfer,1957
440item_LWT7B376UAQDD2AATNYS6QM57HJEOB75.jpg,kgl palais im grossen garten,Q2047292,"(51.0378, 13.7628)",Dresden. Royal Palace in the Great Garden,1911
437item_DTDEQVY5G5CLZXIWPLL5HY7UJMKCT2KL.jpg,frauenkirche,Q157229,"(51.051944444444, 13.741666666667)","Dresden. Blick vom Rathausturm, vor der Zerstörung",1957
440item_IN4B7NDZNOAX7ZODKT3K73XEPY4YEGTC.jpg,friedrich august brücke,Q450445,"(51.055263, 13.739568)",Dresden. Friedrich-August-Brücke with steamer Bastei,1915
188item_5YJSHWNVB6QFA53MLMUEXYGB7VUON63F.jpg,zwinger palace,Q155107,"(51.053055555556, 13.733888888889)",Dresden. Royal Palace and Taschenberg - Palace,1911
188item_6WVH3YXKGYIUTPOGUX6XHHWZ2645G2WZ.jpg,goldener reiter,Q558537,"(51.058114, 13.741347)",Dresden. Straße der Befreiung / Platz der Einheit 5-tlg.,1988
440item_RYE5NVUQXFMIEHL2RC5S66RSANCJVMUF.jpg,frauenkirche,Q157229,"(51.051944444444, 13.741666666667)",Dresden. View from the Rathausturm on Dresden,1935
440item_XNWTLNASOYQOIQMVTDEYYUFWTEMW7O67.jpg,hofkirche,Q666935,"(51.05349, 13.73735)",Dresden. Cathedral (courtyard church) at night,1986
440item_I4QIUQG5PWKDRTYUJKARTWFKOEFKZ37X.jpg,zwinger palace,Q155107,"(51.053055555556, 13.733888888889)",Dresden. Zwinger - pavilion,1915
440item_XVSZJ5JBYBCAXLI3NPWFDONDHV2T4AZT.jpg,residenzschloss,Q167314,"(51.052778, 13.736944)",Dresden. Royal Palace,1898
463item_NWT3TNYI4RF4INS2T7VVLRPK4Z5SKA22.jpg,zwinger palace,Q155107,"(51.053055555556, 13.733888888889)",Dresden. Zwinger - crown gate,1957
437item_BMXV7HW26MPNVVNF77G4RNSSP6ZZGLDN.jpg,friedrich august brücke,Q450445,"(51.055263, 13.739568)","Dresden. Friedrich-August-Brücke, castle and courtyard church",1915
440item_M77IQKBOIN37OPVIFMK4J6Z56OQBQ5AE.jpg,blaues wunder,Q567518,"(51.053611111111, 13.810833333333)",Dresden. Loschwitz,1898
188item_CTDN2GCA4IUY76ZV3C6TBM36SXUZKXTZ.jpg,kulturpalast,Q1791798,"(51.051, 13.7385)","Dresden. Altmarkt, View of the Palace of Culture",1969
188item_FZPD5WO5NXJFY6IVVXI3YYWUWUTWYQS2.jpg,hofkirche,Q666935,"(51.05349, 13.73735)","Dresden. Bruges terrace, castle, Hofkirche night",1956
437item_LNPTCSOQD2GFFO37KUSPN66YEFB66SMT.jpg,königliches schloss,Q167314,"(51.052778, 13.736944)",Dresden. Royal Palace,1906
188item_47YQPWCKNIGDYWXBA3H6PMGP4WNP557I.jpg,zwinger palace,Q155107,"(51.053055555556, 13.733888888889)",Dresden. Zwinger - crown gate at night,1956
437item_DAQZF7APFSQV65CNOXQV6B7BBPLHDDCS.jpg,kreuzkirche,Q301607,"(51.04872, 13.73919)",Dresden. Altmarkt und Kreuzkirche,1959
188item_3SXQTCK4ZARVUNETYBEFFRCRD22YBRVP.jpg,augustus bridge,Q450445,"(51.055263, 13.739568)",Dresden. View from Waldschlöße,1935
