filename,width,height,media_type
82B_1.jpg,4639,5261,image/jpeg
82B_10.jpg,4656,5269,image/jpeg
82B_100.jpg,4694,5314,image/jpeg
82B_101.jpg,4630,5218,image/jpeg
82B_102.jpg,4722,5355,image/jpeg
82B_103.jpg,4722,5347,image/jpeg
82B_104.jpg,4706,5321,image/jpeg
82B_105.jpg,4635,5219,image/jpeg
82B_106.jpg,4715,5345,image/jpeg
82B_107.jpg,4707,5329,image/jpeg
82B_108.jpg,4656,5285,image/jpeg
82B_109.jpg,4639,5286,image/jpeg
82B_11.jpg,4697,5296,image/jpeg
82B_110.jpg,4698,5311,image/jpeg
82B_111.jpg,4723,5346,image/jpeg
82B_112.jpg,4677,5247,image/jpeg
82B_113.jpg,4698,5270,image/jpeg
82B_114.jpg,4696,5286,image/jpeg
82B_115.jpg,4694,5277,image/jpeg
82B_116.jpg,4706,5355,image/jpeg
82B_117.jpg,4724,5371,image/jpeg
82B_118.jpg,4724,5379,image/jpeg
82B_119.jpg,4704,5339,image/jpeg
82B_12.jpg,4683,5271,image/jpeg
82B_120.jpg,4718,5322,image/jpeg
82B_121.jpg,4724,5379,image/jpeg
82B_122.jpg,4704,5346,image/jpeg
82B_123.jpg,4735,5380,image/jpeg
82B_124.jpg,4727,5388,image/jpeg
82B_125.jpg,4707,5345,image/jpeg
82B_126.jpg,4724,5388,image/jpeg
82B_127.jpg,4711,5321,image/jpeg
82B_128.jpg,4675,5229,image/jpeg
82B_129.jpg,4665,5287,image/jpeg
82B_13.jpg,4647,5252,image/jpeg
82B_130.jpg,4698,5294,image/jpeg
82B_131.jpg,4699,5301,image/jpeg
82B_132.jpg,4696,5315,image/jpeg
82B_133.jpg,4679,5270,image/jpeg
82B_134.jpg,4647,5260,image/jpeg
82B_135.jpg,4698,5314,image/jpeg
82B_136.jpg,4656,5260,image/jpeg
82B_137.jpg,4677,5287,image/jpeg
82B_138.jpg,4656,5260,image/jpeg
82B_139.jpg,4678,5269,image/jpeg
82B_14.jpg,4656,5260,image/jpeg
82B_140.jpg,4696,5262,image/jpeg
82B_141.jpg,4647,5243,image/jpeg
82B_142.jpg,4679,5287,image/jpeg
82B_143.jpg,4701,5279,image/jpeg
82B_144.jpg,4671,5264,image/jpeg
82B_145.jpg,4656,5252,image/jpeg
82B_146.jpg,4691,5271,image/jpeg
82B_147.jpg,4681,5257,image/jpeg
82B_148.jpg,4690,5269,image/jpeg
82B_149.jpg,4721,5312,image/jpeg
82B_15.jpg,4665,5248,image/jpeg
82B_150.jpg,4698,5277,image/jpeg
82B_151.jpg,4677,5256,image/jpeg
82B_152.jpg,4680,5257,image/jpeg
82B_153.jpg,4665,5259,image/jpeg
82B_154.jpg,4664,5260,image/jpeg
82B_155.jpg,4672,5254,image/jpeg
82B_156.jpg,4679,5288,image/jpeg
82B_157.jpg,4658,5244,image/jpeg
82B_158.jpg,4667,5254,image/jpeg
82B_159.jpg,4662,5243,image/jpeg
82B_16.jpg,4692,5312,image/jpeg
82B_160.jpg,4667,5269,image/jpeg
82B_161.jpg,4656,5235,image/jpeg
82B_162.jpg,4673,5243,image/jpeg
82B_163.jpg,4669,5262,image/jpeg
82B_164.jpg,4710,5303,image/jpeg
82B_165.jpg,4664,5252,image/jpeg
82B_166.jpg,4673,5260,image/jpeg
82B_167.jpg,4674,5258,image/jpeg
82B_168.jpg,4668,5253,image/jpeg
82B_169.jpg,4690,5277,image/jpeg
82B_17.jpg,4690,5303,image/jpeg
82B_170.jpg,4695,5289,image/jpeg
82B_171.jpg,4668,5250,image/jpeg
82B_172.jpg,4676,5253,image/jpeg
82B_173.jpg,4688,5270,image/jpeg
82B_174.jpg,4725,5321,image/jpeg
82B_175.jpg,4691,5270,image/jpeg
82B_176.jpg,4677,5251,image/jpeg
82B_177.jpg,4727,5316,image/jpeg
82B_178.jpg,4726,5324,image/jpeg
82B_179.jpg,4678,5273,image/jpeg
82B_18.jpg,4698,5311,image/jpeg
82B_180.jpg,4667,5261,image/jpeg
82B_181.jpg,4692,5271,image/jpeg
82B_182.jpg,4698,5311,image/jpeg
82B_183.jpg,4672,5267,image/jpeg
82B_184.jpg,4668,5270,image/jpeg
82B_185.jpg,4664,5269,image/jpeg
82B_186.jpg,4681,5294,image/jpeg
82B_187.jpg,4667,5271,image/jpeg
82B_188.jpg,4657,5243,image/jpeg
82B_189.jpg,4664,5269,image/jpeg
82B_19.jpg,4690,5303,image/jpeg
82B_190.jpg,4664,5286,image/jpeg
82B_191.jpg,4698,5311,image/jpeg
82B_192.jpg,4694,5312,image/jpeg
82B_193.jpg,4684,5278,image/jpeg
82B_194.jpg,4724,5346,image/jpeg
82B_195.jpg,4663,5286,image/jpeg
82B_196.jpg,4664,5273,image/jpeg
82B_197.jpg,4670,5277,image/jpeg
82B_198.jpg,4656,5277,image/jpeg
82B_199.jpg,4665,5261,image/jpeg
82B_2.jpg,4613,5320,image/jpeg
82B_20.jpg,4645,5250,image/jpeg
82B_200.jpg,4691,5312,image/jpeg
82B_201.jpg,4677,5286,image/jpeg
82B_202.jpg,4698,5320,image/jpeg
82B_203.jpg,4684,5303,image/jpeg
82B_204.jpg,4699,5313,image/jpeg
82B_205.jpg,4691,5313,image/jpeg
82B_206.jpg,4682,5287,image/jpeg
82B_207.jpg,4690,5307,image/jpeg
82B_208.jpg,4662,5273,image/jpeg
82B_209.jpg,4690,5303,image/jpeg
82B_21.jpg,4639,5235,image/jpeg
82B_210.jpg,4698,5345,image/jpeg
82B_211.jpg,4616,5205,image/jpeg
82B_212.jpg,4699,5329,image/jpeg
82B_213.jpg,4639,5252,image/jpeg
82B_214.jpg,4681,5295,image/jpeg
82B_215.jpg,4590,5181,image/jpeg
82B_216.jpg,4651,5281,image/jpeg
82B_217.jpg,4639,5252,image/jpeg
82B_218.jpg,4656,5269,image/jpeg
82B_219.jpg,4689,5294,image/jpeg
82B_22.jpg,4639,5252,image/jpeg
82B_220.jpg,4674,5282,image/jpeg
82B_221.jpg,4664,5252,image/jpeg
82B_222.jpg,4656,5277,image/jpeg
82B_223.jpg,4671,5253,image/jpeg
82B_224.jpg,4664,5252,image/jpeg
82B_225.jpg,4669,5253,image/jpeg
82B_226.jpg,4681,5269,image/jpeg
82B_227.jpg,4695,5298,image/jpeg
82B_228.jpg,4707,5295,image/jpeg
82B_229.jpg,4707,5294,image/jpeg
82B_23.jpg,4686,5246,image/jpeg
82B_230.jpg,4698,5303,image/jpeg
82B_231.jpg,4707,5303,image/jpeg
82B_232.jpg,4699,5287,image/jpeg
82B_233.jpg,4698,5294,image/jpeg
82B_234.jpg,4698,5303,image/jpeg
82B_235.jpg,4702,5295,image/jpeg
82B_236.jpg,4698,5294,image/jpeg
82B_237.jpg,4690,5311,image/jpeg
82B_238.jpg,4690,5296,image/jpeg
82B_239.jpg,4594,5187,image/jpeg
82B_24.jpg,4697,5287,image/jpeg
82B_240.jpg,4662,5254,image/jpeg
82B_241.jpg,4653,5259,image/jpeg
82B_242.jpg,4639,5252,image/jpeg
82B_243.jpg,4647,5252,image/jpeg
82B_244.jpg,4682,5279,image/jpeg
82B_245.jpg,4656,5255,image/jpeg
82B_246.jpg,4690,5287,image/jpeg
82B_247.jpg,4638,5253,image/jpeg
82B_248.jpg,4647,5260,image/jpeg
82B_249.jpg,4692,5276,image/jpeg
82B_25.jpg,4664,5252,image/jpeg
82B_250.jpg,4639,5243,image/jpeg
82B_251.jpg,4685,5278,image/jpeg
82B_252.jpg,4639,5243,image/jpeg
82B_253.jpg,4669,5270,image/jpeg
82B_254.jpg,4668,5292,image/jpeg
82B_255.jpg,4584,5183,image/jpeg
82B_256.jpg,4681,5303,image/jpeg
82B_257.jpg,4649,5257,image/jpeg
82B_258.jpg,4670,5263,image/jpeg
82B_259.jpg,4667,5262,image/jpeg
82B_26.jpg,4690,5286,image/jpeg
82B_260.jpg,4668,5263,image/jpeg
82B_261.jpg,4600,5195,image/jpeg
82B_262.jpg,4674,5278,image/jpeg
82B_263.jpg,4639,5248,image/jpeg
82B_264.jpg,4630,5269,image/jpeg
82B_265.jpg,4694,5305,image/jpeg
82B_266.jpg,4651,5253,image/jpeg
82B_267.jpg,4656,5260,image/jpeg
82B_268.jpg,4673,5252,image/jpeg
82B_269.jpg,4686,5298,image/jpeg
82B_27.jpg,4655,5246,image/jpeg
82B_270.jpg,4663,5283,image/jpeg
82B_271.jpg,4692,5312,image/jpeg
82B_272.jpg,4677,5261,image/jpeg
82B_273.jpg,4701,5338,image/jpeg
82B_274.jpg,4680,5270,image/jpeg
82B_275.jpg,4588,5184,image/jpeg
82B_276.jpg,4641,5253,image/jpeg
82B_277.jpg,4684,5296,image/jpeg
82B_278.jpg,4657,5262,image/jpeg
82B_279.jpg,4642,5273,image/jpeg
82B_28.jpg,4663,5249,image/jpeg
82B_280.jpg,4675,5279,image/jpeg
82B_281.jpg,4675,5278,image/jpeg
82B_282.jpg,4674,5295,image/jpeg
82B_283.jpg,4630,5260,image/jpeg
82B_284.jpg,4670,5256,image/jpeg
82B_285.jpg,4684,5289,image/jpeg
82B_286.jpg,4652,5254,image/jpeg
82B_287.jpg,4656,5269,image/jpeg
82B_288.jpg,4666,5269,image/jpeg
82B_289.jpg,4683,5304,image/jpeg
82B_29.jpg,4664,5235,image/jpeg
82B_290.jpg,4669,5269,image/jpeg
82B_291.jpg,4690,5311,image/jpeg
82B_292.jpg,4734,5311,image/jpeg
82B_293.jpg,4633,5255,image/jpeg
82B_294.jpg,4701,5329,image/jpeg
82B_295.jpg,4673,5311,image/jpeg
82B_296.jpg,4691,5296,image/jpeg
82B_297.jpg,4655,5269,image/jpeg
82B_298.jpg,4646,5259,image/jpeg
82B_299.jpg,4664,5277,image/jpeg
82B_3.jpg,4690,5337,image/jpeg
82B_30.jpg,4656,5252,image/jpeg
82B_300.jpg,4667,5260,image/jpeg
82B_301.jpg,4671,5270,image/jpeg
82B_302.jpg,4676,5278,image/jpeg
82B_303.jpg,4656,5260,image/jpeg
82B_304.jpg,4691,5295,image/jpeg
82B_305.jpg,4672,5275,image/jpeg
82B_306.jpg,4690,5295,image/jpeg
82B_307.jpg,4656,5277,image/jpeg
82B_308.jpg,4659,5258,image/jpeg
82B_309.jpg,4654,5255,image/jpeg
82B_31.jpg,4673,5263,image/jpeg
82B_310.jpg,4671,5278,image/jpeg
82B_311.jpg,4664,5252,image/jpeg
82B_312.jpg,4659,5253,image/jpeg
82B_313.jpg,4682,5260,image/jpeg
82B_314.jpg,4701,5320,image/jpeg
82B_315.jpg,4698,5303,image/jpeg
82B_316.jpg,4655,5255,image/jpeg
82B_317.jpg,4639,5254,image/jpeg
82B_318.jpg,4692,5303,image/jpeg
82B_319.jpg,4691,5261,image/jpeg
82B_32.jpg,4670,5260,image/jpeg
82B_320.jpg,4656,5262,image/jpeg
82B_321.jpg,4651,5256,image/jpeg
82B_322.jpg,4700,5312,image/jpeg
82B_323.jpg,4685,5261,image/jpeg
82B_324.jpg,4651,5247,image/jpeg
82B_325.jpg,4699,5312,image/jpeg
82B_326.jpg,4683,5304,image/jpeg
82B_327.jpg,4664,5259,image/jpeg
82B_328.jpg,4683,5287,image/jpeg
82B_329.jpg,4656,5269,image/jpeg
82B_33.jpg,4647,5252,image/jpeg
82B_330.jpg,4684,5296,image/jpeg
82B_331.jpg,4653,5257,image/jpeg
82B_332.jpg,4682,5288,image/jpeg
82B_333.jpg,4677,5286,image/jpeg
82B_334.jpg,4656,5252,image/jpeg
82B_335.jpg,4665,5262,image/jpeg
82B_336.jpg,4647,5269,image/jpeg
82B_337.jpg,4660,5260,image/jpeg
82B_338.jpg,4655,5255,image/jpeg
82B_339.jpg,4683,5295,image/jpeg
82B_34.jpg,4707,5328,image/jpeg
82B_340.jpg,4656,5252,image/jpeg
82B_341.jpg,4646,5266,image/jpeg
82B_342.jpg,4652,5260,image/jpeg
82B_343.jpg,4682,5295,image/jpeg
82B_344.jpg,4656,5277,image/jpeg
82B_345.jpg,4659,5267,image/jpeg
82B_346.jpg,4711,5238,image/jpeg
82B_347.jpg,4700,5313,image/jpeg
82B_348.jpg,4676,5286,image/jpeg
82B_349.jpg,4658,5253,image/jpeg
82B_35.jpg,4694,5288,image/jpeg
82B_350.jpg,4652,5250,image/jpeg
82B_351.jpg,4656,5252,image/jpeg
82B_352.jpg,4695,5313,image/jpeg
82B_353.jpg,4702,5241,image/jpeg
82B_354.jpg,4690,5311,image/jpeg
82B_355.jpg,4644,5255,image/jpeg
82B_356.jpg,4667,5275,image/jpeg
82B_357.jpg,4666,5269,image/jpeg
82B_358.jpg,4666,5261,image/jpeg
82B_359.jpg,4676,5280,image/jpeg
82B_36.jpg,4661,5252,image/jpeg
82B_360.jpg,4656,5265,image/jpeg
82B_361.jpg,4639,5269,image/jpeg
82B_362.jpg,4681,5252,image/jpeg
82B_363.jpg,4641,5251,image/jpeg
82B_364.jpg,4655,5252,image/jpeg
82B_365.jpg,4647,5260,image/jpeg
82B_366.jpg,4649,5267,image/jpeg
82B_367.jpg,4682,5289,image/jpeg
82B_368.jpg,4670,5263,image/jpeg
82B_369.jpg,4648,5247,image/jpeg
82B_37.jpg,4675,5239,image/jpeg
82B_370.jpg,4647,5260,image/jpeg
82B_371.jpg,4650,5260,image/jpeg
82B_372.jpg,4639,5252,image/jpeg
82B_373.jpg,4693,5243,image/jpeg
82B_374.jpg,4690,5303,image/jpeg
82B_375.jpg,4683,5304,image/jpeg
82B_376.jpg,4659,5252,image/jpeg
82B_377.jpg,4682,5296,image/jpeg
82B_378.jpg,4579,5184,image/jpeg
82B_379.jpg,4683,5303,image/jpeg
82B_38.jpg,4710,5328,image/jpeg
82B_380.jpg,4645,5252,image/jpeg
82B_381.jpg,4667,5280,image/jpeg
82B_382.jpg,4683,5278,image/jpeg
82B_383.jpg,4650,5254,image/jpeg
82B_384.jpg,4665,5263,image/jpeg
82B_385.jpg,4688,5254,image/jpeg
82B_386.jpg,4699,5294,image/jpeg
82B_387.jpg,4692,5305,image/jpeg
82B_388.jpg,4682,5296,image/jpeg
82B_389.jpg,4665,5269,image/jpeg
82B_39.jpg,4650,5246,image/jpeg
82B_390.jpg,4674,5270,image/jpeg
82B_391.jpg,4684,5296,image/jpeg
82B_392.jpg,4639,5252,image/jpeg
82B_393.jpg,4694,5321,image/jpeg
82B_394.jpg,4691,5280,image/jpeg
82B_395.jpg,4677,5271,image/jpeg
82B_396.jpg,4584,5189,image/jpeg
82B_397.jpg,4583,5185,image/jpeg
82B_398.jpg,4699,5320,image/jpeg
82B_399.jpg,4646,5254,image/jpeg
82B_4.jpg,4630,5294,image/jpeg
82B_40.jpg,4710,5337,image/jpeg
82B_400.jpg,4668,5271,image/jpeg
82B_401.jpg,4639,5218,image/jpeg
82B_402.jpg,4647,5218,image/jpeg
82B_403.jpg,4661,5219,image/jpeg
82B_404.jpg,4649,5216,image/jpeg
82B_405.jpg,4639,5209,image/jpeg
82B_406.jpg,4664,5235,image/jpeg
82B_407.jpg,4657,5294,image/jpeg
82B_408.jpg,4690,5295,image/jpeg
82B_409.jpg,4690,5287,image/jpeg
82B_41.jpg,4656,5243,image/jpeg
82B_410.jpg,4708,5329,image/jpeg
82B_411.jpg,4662,5270,image/jpeg
82B_412.jpg,4647,5260,image/jpeg
82B_413.jpg,4652,5256,image/jpeg
82B_414.jpg,4690,5296,image/jpeg
82B_415.jpg,4682,5287,image/jpeg
82B_416.jpg,4689,5313,image/jpeg
82B_417.jpg,4683,5321,image/jpeg
82B_418.jpg,4692,5303,image/jpeg
82B_419.jpg,4682,5304,image/jpeg
82B_42.jpg,4715,5345,image/jpeg
82B_420.jpg,4698,5305,image/jpeg
82B_421.jpg,4691,5305,image/jpeg
82B_422.jpg,5316,6007,image/jpeg
82B_423.jpg,4692,5312,image/jpeg
82B_424.jpg,4698,5243,image/jpeg
82B_425.jpg,4651,5252,image/jpeg
82B_426.jpg,4656,5269,image/jpeg
82B_427.jpg,4648,5265,image/jpeg
82B_428.jpg,4724,5317,image/jpeg
82B_429.jpg,4685,5245,image/jpeg
82B_43.jpg,4681,5303,image/jpeg
82B_430.jpg,4689,5244,image/jpeg
82B_431.jpg,4720,5316,image/jpeg
82B_432.jpg,4665,5253,image/jpeg
82B_433.jpg,4664,5277,image/jpeg
82B_434.jpg,4664,5269,image/jpeg
82B_435.jpg,4685,5266,image/jpeg
82B_436.jpg,4673,5277,image/jpeg
82B_437.jpg,4656,5261,image/jpeg
82B_438.jpg,4725,5289,image/jpeg
82B_439.jpg,4656,5260,image/jpeg
82B_44.jpg,4693,5296,image/jpeg
82B_440.jpg,4659,5252,image/jpeg
82B_441.jpg,4698,5328,image/jpeg
82B_442.jpg,4647,5260,image/jpeg
82B_443.jpg,4656,5235,image/jpeg
82B_444.jpg,4662,5256,image/jpeg
82B_445.jpg,4673,5277,image/jpeg
82B_446.jpg,4672,5257,image/jpeg
82B_447.jpg,4664,5260,image/jpeg
82B_448.jpg,4707,5286,image/jpeg
82B_449.jpg,4694,5278,image/jpeg
82B_45.jpg,4692,5295,image/jpeg
82B_450.jpg,4708,5280,image/jpeg
82B_451.jpg,4711,5264,image/jpeg
82B_452.jpg,4712,5238,image/jpeg
82B_453.jpg,4681,5286,image/jpeg
82B_454.jpg,4673,5260,image/jpeg
82B_455.jpg,4673,5269,image/jpeg
82B_456.jpg,4668,5260,image/jpeg
82B_457.jpg,4656,5252,image/jpeg
82B_458.jpg,4663,5250,image/jpeg
82B_459.jpg,4664,5252,image/jpeg
82B_46.jpg,4664,5260,image/jpeg
82B_460.jpg,4681,5272,image/jpeg
82B_461.jpg,4676,5262,image/jpeg
82B_462.jpg,4690,5269,image/jpeg
82B_463.jpg,4684,5271,image/jpeg
82B_464.jpg,4661,5257,image/jpeg
82B_465.jpg,4692,5279,image/jpeg
82B_466.jpg,4715,5320,image/jpeg
82B_467.jpg,4673,5252,image/jpeg
82B_468.jpg,4694,5269,image/jpeg
82B_469.jpg,4681,5286,image/jpeg
82B_47.jpg,4662,5266,image/jpeg
82B_470.jpg,4668,5255,image/jpeg
82B_471.jpg,4673,5269,image/jpeg
82B_472.jpg,4681,5277,image/jpeg
82B_473.jpg,4616,5218,image/jpeg
82B_474.jpg,4664,5252,image/jpeg
82B_475.jpg,4664,5277,image/jpeg
82B_476.jpg,4694,5287,image/jpeg
82B_477.jpg,4664,5262,image/jpeg
82B_478.jpg,4657,5248,image/jpeg
82B_479.jpg,4698,5328,image/jpeg
82B_48.jpg,4671,5263,image/jpeg
82B_480.jpg,4669,5265,image/jpeg
82B_481.jpg,4666,5257,image/jpeg
82B_482.jpg,4656,5243,image/jpeg
82B_483.jpg,4681,5294,image/jpeg
82B_484.jpg,4690,5272,image/jpeg
82B_485.jpg,4664,5262,image/jpeg
82B_486.jpg,4660,5268,image/jpeg
82B_487.jpg,4656,5269,image/jpeg
82B_488.jpg,4686,5279,image/jpeg
82B_489.jpg,4662,5265,image/jpeg
82B_49.jpg,4664,5260,image/jpeg
82B_490.jpg,4673,5277,image/jpeg
82B_491.jpg,4664,5260,image/jpeg
82B_492.jpg,4686,5320,image/jpeg
82B_493.jpg,4658,5261,image/jpeg
82B_494.jpg,4691,5281,image/jpeg
82B_495.jpg,4668,5254,image/jpeg
82B_496.jpg,4667,5246,image/jpeg
82B_497.jpg,4684,5254,image/jpeg
82B_498.jpg,4668,5261,image/jpeg
82B_499.jpg,4696,5271,image/jpeg
82B_5.jpg,4673,5303,image/jpeg
82B_50.jpg,4700,5337,image/jpeg
82B_500.jpg,4651,5283,image/jpeg
82B_501.jpg,4676,5265,image/jpeg
82B_502.jpg,4664,5269,image/jpeg
82B_503.jpg,4659,5268,image/jpeg
82B_504.jpg,4666,5264,image/jpeg
82B_505.jpg,4664,5269,image/jpeg
82B_506.jpg,4656,5260,image/jpeg
82B_507.jpg,4691,5321,image/jpeg
82B_508.jpg,4662,5241,image/jpeg
82B_509.jpg,4664,5252,image/jpeg
82B_51.jpg,4655,5249,image/jpeg
82B_510.jpg,4605,5209,image/jpeg
82B_511.jpg,4664,5260,image/jpeg
82B_512.jpg,4605,5195,image/jpeg
82B_513.jpg,4656,5260,image/jpeg
82B_514.jpg,4667,5265,image/jpeg
82B_515.jpg,4660,5257,image/jpeg
82B_516.jpg,4598,5203,image/jpeg
82B_517.jpg,4647,5260,image/jpeg
82B_518.jpg,4664,5260,image/jpeg
82B_519.jpg,4611,5206,image/jpeg
82B_52.jpg,4657,5253,image/jpeg
82B_520.jpg,4647,5260,image/jpeg
82B_521.jpg,4702,5321,image/jpeg
82B_522.jpg,4659,5245,image/jpeg
82B_523.jpg,4651,5286,image/jpeg
82B_524.jpg,4675,5256,image/jpeg
82B_525.jpg,4659,5265,image/jpeg
82B_526.jpg,4660,5262,image/jpeg
82B_527.jpg,4717,5327,image/jpeg
82B_528.jpg,4722,5354,image/jpeg
82B_529.jpg,4666,5255,image/jpeg
82B_53.jpg,4656,5243,image/jpeg
82B_530.jpg,4656,5252,image/jpeg
82B_531.jpg,4664,5269,image/jpeg
82B_532.jpg,4660,5257,image/jpeg
82B_533.jpg,4664,5253,image/jpeg
82B_534.jpg,4664,5252,image/jpeg
82B_535.jpg,4664,5260,image/jpeg
82B_536.jpg,4670,5253,image/jpeg
82B_537.jpg,4670,5254,image/jpeg
82B_538.jpg,4664,5252,image/jpeg
82B_539.jpg,4656,5260,image/jpeg
82B_54.jpg,4664,5277,image/jpeg
82B_540.jpg,4684,5249,image/jpeg
82B_541.jpg,4657,5243,image/jpeg
82B_542.jpg,4656,5252,image/jpeg
82B_543.jpg,4698,5294,image/jpeg
82B_544.jpg,4657,5251,image/jpeg
82B_545.jpg,4660,5253,image/jpeg
82B_546.jpg,4647,5243,image/jpeg
82B_547.jpg,4647,5243,image/jpeg
82B_548.jpg,4669,5252,image/jpeg
82B_549.jpg,4673,5253,image/jpeg
82B_55.jpg,4663,5268,image/jpeg
82B_550.jpg,4646,5235,image/jpeg
82B_551.jpg,4698,5294,image/jpeg
82B_552.jpg,4660,5246,image/jpeg
82B_553.jpg,4659,5262,image/jpeg
82B_554.jpg,4698,5279,image/jpeg
82B_555.jpg,4656,5252,image/jpeg
82B_556.jpg,4666,5261,image/jpeg
82B_557.jpg,4700,5295,image/jpeg
82B_558.jpg,4647,5265,image/jpeg
82B_559.jpg,4662,5287,image/jpeg
82B_56.jpg,4665,5261,image/jpeg
82B_560.jpg,4662,5261,image/jpeg
82B_561.jpg,4665,5248,image/jpeg
82B_562.jpg,4701,5303,image/jpeg
82B_563.jpg,4698,5311,image/jpeg
82B_564.jpg,4677,5261,image/jpeg
82B_565.jpg,4699,5297,image/jpeg
82B_566.jpg,4677,5268,image/jpeg
82B_567.jpg,4707,5311,image/jpeg
82B_568.jpg,4709,5263,image/jpeg
82B_569.jpg,4708,5320,image/jpeg
82B_57.jpg,4659,5254,image/jpeg
82B_570.jpg,4664,5226,image/jpeg
82B_571.jpg,4719,5287,image/jpeg
82B_572.jpg,4667,5257,image/jpeg
82B_573.jpg,4707,5320,image/jpeg
82B_574.jpg,4711,5313,image/jpeg
82B_575.jpg,4701,5321,image/jpeg
82B_576.jpg,4724,5296,image/jpeg
82B_577.jpg,4681,5303,image/jpeg
82B_578.jpg,4707,5294,image/jpeg
82B_579.jpg,4681,5286,image/jpeg
82B_58.jpg,4707,5328,image/jpeg
82B_580.jpg,4682,5266,image/jpeg
82B_581.jpg,4699,5269,image/jpeg
82B_582.jpg,4656,5218,image/jpeg
82B_583.jpg,4710,5321,image/jpeg
82B_584.jpg,4692,5286,image/jpeg
82B_585.jpg,4662,5248,image/jpeg
82B_586.jpg,4708,5260,image/jpeg
82B_587.jpg,4647,5243,image/jpeg
82B_588.jpg,4702,5297,image/jpeg
82B_589.jpg,4661,5220,image/jpeg
82B_59.jpg,4711,5329,image/jpeg
82B_590.jpg,4698,5238,image/jpeg
82B_591.jpg,4727,5321,image/jpeg
82B_592.jpg,4701,5303,image/jpeg
82B_593.jpg,4693,5295,image/jpeg
82B_594.jpg,4681,5294,image/jpeg
82B_595.jpg,4647,5269,image/jpeg
82B_596.jpg,4708,5312,image/jpeg
82B_597.jpg,4684,5270,image/jpeg
82B_598.jpg,4726,5312,image/jpeg
82B_599.jpg,4708,5304,image/jpeg
82B_6.jpg,4634,5269,image/jpeg
82B_60.jpg,4665,5262,image/jpeg
82B_600.jpg,4652,5267,image/jpeg
82B_601.jpg,4701,5311,image/jpeg
82B_602.jpg,4656,5243,image/jpeg
82B_603.jpg,4684,5274,image/jpeg
82B_604.jpg,4668,5258,image/jpeg
82B_605.jpg,4643,5262,image/jpeg
82B_606.jpg,4664,5260,image/jpeg
82B_607.jpg,4692,5284,image/jpeg
82B_608.jpg,4657,5265,image/jpeg
82B_609.jpg,4687,5287,image/jpeg
82B_61.jpg,4707,5305,image/jpeg
82B_610.jpg,4716,5346,image/jpeg
82B_611.jpg,4690,5304,image/jpeg
82B_612.jpg,4661,5252,image/jpeg
82B_613.jpg,4670,5284,image/jpeg
82B_614.jpg,4685,5268,image/jpeg
82B_615.jpg,4647,5243,image/jpeg
82B_616.jpg,4657,5276,image/jpeg
82B_617.jpg,4716,5337,image/jpeg
82B_618.jpg,4698,5286,image/jpeg
82B_619.jpg,4708,5312,image/jpeg
82B_62.jpg,4707,5311,image/jpeg
82B_620.jpg,4679,5294,image/jpeg
82B_621.jpg,4699,5321,image/jpeg
82B_622.jpg,4656,5260,image/jpeg
82B_623.jpg,4689,5289,image/jpeg
82B_624.jpg,4669,5258,image/jpeg
82B_625.jpg,4647,5260,image/jpeg
82B_626.jpg,4673,5252,image/jpeg
82B_627.jpg,4700,5321,image/jpeg
82B_628.jpg,4662,5254,image/jpeg
82B_629.jpg,4648,5250,image/jpeg
82B_63.jpg,4723,5313,image/jpeg
82B_630.jpg,4639,5252,image/jpeg
82B_631.jpg,4698,5345,image/jpeg
82B_632.jpg,4658,5260,image/jpeg
82B_633.jpg,4701,5329,image/jpeg
82B_634.jpg,4698,5320,image/jpeg
82B_635.jpg,4698,5337,image/jpeg
82B_636.jpg,4701,5321,image/jpeg
82B_637.jpg,4702,5305,image/jpeg
82B_638.jpg,4639,5252,image/jpeg
82B_639.jpg,4664,5260,image/jpeg
82B_64.jpg,4652,5267,image/jpeg
82B_640.jpg,4684,5297,image/jpeg
82B_641.jpg,4712,5338,image/jpeg
82B_642.jpg,4656,5252,image/jpeg
82B_643.jpg,4707,5329,image/jpeg
82B_644.jpg,4646,5259,image/jpeg
82B_645.jpg,4701,5330,image/jpeg
82B_646.jpg,4640,5262,image/jpeg
82B_647.jpg,4647,5269,image/jpeg
82B_648.jpg,4689,5303,image/jpeg
82B_649.jpg,4694,5277,image/jpeg
82B_65.jpg,4707,5328,image/jpeg
82B_650.jpg,4649,5247,image/jpeg
82B_651.jpg,4647,5252,image/jpeg
82B_652.jpg,4663,5261,image/jpeg
82B_653.jpg,4653,5272,image/jpeg
82B_654.jpg,4689,5286,image/jpeg
82B_655.jpg,4639,5252,image/jpeg
82B_656.jpg,4684,5286,image/jpeg
82B_657.jpg,4667,5264,image/jpeg
82B_66.jpg,4715,5337,image/jpeg
82B_67.jpg,4699,5320,image/jpeg
82B_68.jpg,4661,5236,image/jpeg
82B_69.jpg,4715,5379,image/jpeg
82B_7.jpg,4700,5304,image/jpeg
82B_70.jpg,4622,5209,image/jpeg
82B_71.jpg,4716,5354,image/jpeg
82B_72.jpg,4657,5276,image/jpeg
82B_73.jpg,4673,5269,image/jpeg
82B_74.jpg,4724,5379,image/jpeg
82B_75.jpg,4677,5295,image/jpeg
82B_76.jpg,4677,5300,image/jpeg
82B_77.jpg,4719,5397,image/jpeg
82B_78.jpg,4681,5311,image/jpeg
82B_79.jpg,4701,5315,image/jpeg
82B_8.jpg,4682,5270,image/jpeg
82B_80.jpg,4650,5283,image/jpeg
82B_81.jpg,4710,5320,image/jpeg
82B_82.jpg,4712,5329,image/jpeg
82B_83.jpg,4728,5372,image/jpeg
82B_84.jpg,4726,5414,image/jpeg
82B_85.jpg,4681,5294,image/jpeg
82B_86.jpg,4673,5269,image/jpeg
82B_87.jpg,4699,5307,image/jpeg
82B_88.jpg,4653,5286,image/jpeg
82B_89.jpg,4707,5337,image/jpeg
82B_9.jpg,4664,5277,image/jpeg
82B_90.jpg,4698,5329,image/jpeg
82B_91.jpg,4640,5225,image/jpeg
82B_92.jpg,4710,5338,image/jpeg
82B_93.jpg,4724,5345,image/jpeg
82B_94.jpg,4647,5243,image/jpeg
82B_95.jpg,4717,5355,image/jpeg
82B_96.jpg,4728,5380,image/jpeg
82B_97.jpg,4681,5252,image/jpeg
82B_98.jpg,4707,5354,image/jpeg
82B_99.jpg,4717,5339,image/jpeg
