source,acronym
"Deliberazioni,
I, 102",Deliberazioni
"CP, 20",CP
"GP, VI",GP
"Comer, VI,
297",Comer
"Comer, XL.I,
905",Comer
"GrNL, 85",GrNL
"Deliberazioni,",Deliberazioni
"Not.XIlls, 433",Not.XIlls
"Comer, VI,
201",Comer
"r e i c
ei Ii n Bv",reiceiIinBv
"Comer, XII,
194",Comer
"Comer, XII,
195",Comer
"Deliberazioni,
I, 49",Deliberazioni
"Deliberazioni,
I, 10",Deliberazioni
"Deliberazioni,
I, 15",Deliberazioni
"Deliberazioni,
I, 225",Deliberazioni
"Deliberazioni,
II, 391",Deliberazioni
"Deliberazioni,
II, 130",Deliberazioni
"Borsari, 62
e 64",Borsari
"Borsari, 68
e 69",Borsari
"Borsari, 69",Borsari
"Borsari, 62",Borsari
"Borsari, 67",Borsari
"GP, I",GP
"GP;, Il",GP
"GP, III",GP
"Borsari, 70",Borsari
"Comer, XVI,
387",Comer
"Minotto, I1,
49",Minotto
"F.Petrarca,
Senilia, 110",F.Petrarca
"DomP, 326",DomP
"Deliberazioni,
II, 119",Deliberazioni
"Stussi, 66",Stussi
"NotXlls, 353",NotXlls
"Bertanza, 81",Bertanza
"Molmenti, |,
520",Molmenti
"FdM, I, 1038",FdM
"FdM, iI, 1144",FdM
"Comer, X1,
238",Comer
"Comer, X,
278",Comer
"SE, 40",SE
"SSGRP 1.
Niger",SSGRP.Niger
"Borsari, 57",Borsari
"Deliberazioni,
III, 142",Deliberazioni
"Pacta, I, 121v",Pacta
"Deliberazioni,
III, 29",Deliberazioni
"Deliberazioni,
III 127",Deliberazioni
"Dandolo, X, |V,
16",Dandolo
"Balzani, 7",Balzani
"Deliberazioni,
II, 209",Deliberazioni
"Dandolo, VIII,
XV, 11",Dandolo
"Sanudo, 241",Sanudo
"Deliberazioni,
II, 390",Deliberazioni
"M. da Canal,
I, CXXXI",M.daCanal
"Minotto, II.1
160",Minotto
"Comer, III,
953",Comer
"Comer, II,
957",Comer
"Minotto, IILMII,
88",Minotto
"Promissioni,
151",Promissioni
"Borsari, 59",Borsari
"Borsari, 71",Borsari
"M. da Canal,
I, CXXXII",M.daCanal
"Comer, III,
9354",Comer
"Comer, III,
957",Comer
"Comer, X,
384",Comer
"Deliberazioni,
Il 244",Deliberazioni
"Deliberazioni,
III 221",Deliberazioni
"Comer, III,
353",Comer
"Coleti, 90",Coleti
"FZusto, 20",FZusto
"Lupprian, 132",Lupprian
"Deliberazioni,
I, 160",Deliberazioni
"Simonsfeld, |,
96",Simonsfeld
"Dandolo, X,
VII 31",Dandolo
"CapUffR,
18—20",CapUffR
"Thomas, 49",Thomas
"AV.PN, 285",AV.PN
"MPDand, 1",MPDand
"Baracchi,
XXXVII",Baracchi
"FaM, I, 870",FaM
"X, 279 (2801)",X
"Comer, III,
365",Comer
"Comer, XV,
251",Comer
"Comer, III,
351",Comer
"Baracchi,
LXXIV",Baracchi
"Caniato, 2",Caniato
"SSTMBr, II, 5",SSTMBr
"SSTMBr, II,
27",SSTMBr
"SSTMBr, II,
100",SSTMBr
"SSTMBr, Il
180",SSTMBr
"SSTMBr, II,
189",SSTMBr
"SSTMBr, III,
588",SSTMBr
"MCD, II, 35",MCD
"SsCp, e",SsCp
"SSTMBr, III,
350",SSTMBr
"Comer, XII,
163",Comer
"Comer, XV,
283",Comer
"SSCp, 4",SSCp
"Caniato, 4",Caniato
"Pacta, |, 283",Pacta
"Lombardo, III,
407",Lombardo
"CP, 36",CP
"Comer, XIV,
208",Comer
"FaM, II, App.",FaM
"Comer, XIV,
138",Comer
"CP, 6",CP
"GP, Il",GP
"Deliberazioni,
Il 127",Deliberazioni
"Comer, IV,
156",Comer
"FaM, I, 1038",FaM
"Deliberazioni,
Il 51",Deliberazioni
"GrNL, 37",GrNL
"Cessi—Alberti, |",CessiAlberti
"Bertanza, 58",Bertanza
"Deliberazioni,
III, 206",Deliberazioni
"Deliberazioni,
III, 436",Deliberazioni
"Cessi—Alberti,
V",CessiAlberti
"Dandolo,
X.VIIL 31",Dandolo
"Deliberazioni,
II, 212",Deliberazioni
"Cessi—Alberti,
III",CessiAlberti
"Cessi—Alberti,
Il",CessiAlberti
"Deliberazioni,
II, 309",Deliberazioni
1135,
"Deliberazioni,
I, 57",Deliberazioni
"Deliberazioni,
III 223",Deliberazioni
"Lombardo, III,
92",Lombardo
"FaM, II, 1135",FaM
"Lombardo,
I, 12",Lombardo
"Deliberazioni,
I, 70",Deliberazioni
"De/iberazioni,
Il 57",Deliberazioni
"Deliberazioni,
I, 379",Deliberazioni
"FdM, I, 1073",FdM
"Deliberazioni,
I, 441",Deliberazioni
"Baracchi,
LXXII e
LXXIII",Baracchi
"Sagredo Berchet, 37",SagredoBerchet
"Sagredo Berchet, 71",SagredoBerchet
"Sagredo Berchet, 38",SagredoBerchet
iscrizione,iscrizione
"Origo, 122",Origo
"CX.DM, IV,
95",CX.DM
"SSCp, 7",SSCp
"FaM, II, 1148",FaM
"Deliberazioni,
III, 214",Deliberazioni
"Stussi, 50",Stussi
"Comer, \II,
367",Comer
"Comer, III,
367",Comer
"FdM, II, 1139",FdM
"FaM, II, 1139",FaM
"FdM, I, 1045",FdM
"FaM, |, 1045",FaM
"FDM, I, 1045",FDM
"Arch.Sartori,
IL.2, 1897",Arch.Sartori
"Arch.Sartori,
IL2, 2019",Arch.Sartori
"FaM, I, 1069",FaM
"Stussi, 128",Stussi
"FaM, |, 680",FaM
"Baracchi,
LXXIX",Baracchi
Gr d1,Grd
"Comer, IX,
271",Comer
"Minotto, II.MII,
124",Minotto
"GrNL, 172",GrNL
"SSTMBr,
Il 5",SSTMBr
"Comer, VII,
210",Comer
"GP;, III",GP
"Comer, XII,
345",Comer
"Minotto, ILIII,
39",Minotto
"Deliberazioni,
I, 107",Deliberazioni
"Dandolo, X,
VII 15",Dandolo
"SMTIT, 3",SMTIT
"Deliberazioni,
III, 188",Deliberazioni
"FdM, 1, 806",FdM
"DomP, 150",DomP
"Borsari, 56",Borsari
"Deliberazioni,
III 135",Deliberazioni
"FdM, II, 1147",FdM
"FaM, II, 1149",FaM
"FdM, II, 1149",FdM
"Comer, |, 283",Comer
"Comer, |, 282",Comer
