volume_number,volume,parish_number,parish,filename,path_tif
434,San Marco,1,San Marco,434_SMarco/1_SMarco/SMarco_0_1.png,/catastici/Catastici-434/1/0085.tif
434,San Marco,2,San Basso,434_SMarco/2_SBasso/SBasso_0_01.png,/catastici/Catastici-434/2/0179.tif
434,San Marco,3,San Ziminian,434_SMarco/3_SZiminian/SZiminian_0_01.png,/catastici/Catastici-434/3/0285.tif
434,San Marco,4,San Moise,434_SMarco/4_SMoise/SMoise_0_1.png,/catastici/Catastici-434/4/0419.tif
434,San Marco,5,San Zulian,434_SMarco/5_SZulian/SZulian_0_1.png,/catastici/Catastici-434/5/0589.tif
434,San Marco,6,San Salvador,434_SMarco/6_SSalvador/SSalvador_0_1.png,/catastici/Catastici-434/6/0711.tif
434,San Marco,7,San Bortolomio,434_SMarco/7_SBortolomio/SBortolomio_0_01.png,/catastici/Catastici-434/7/0853.tif
434,San Marco,8,Santa Luca,434_SMarco/8_SLuca/SLuca_0_1.png,/catastici/Catastici-434/8/0987.tif
434,San Marco,9,San Benetto,434_SMarco/9_SBenetto/SBenetto_0_1.png,/catastici/Catastici-434/9/1099.tif
434,San Marco,10,San Paternian,434_SMarco/10_SPaternian/SPaternian_0_2.png,/catastici/Catastici-434/10/1203.tif
434,San Marco,11,San Fantin,434_SMarco/11_SFantin/SFantin_0_1.png,/catastici/Catastici-434/11/1323.tif
434,San Marco,12,Santa Maria Zobenigo,434_SMarco/12_SMariaZobenigo/SMariaZobenigo_0_1.png,/catastici/Catastici-434/12/1423.tif
434,San Marco,13,San Maurizio,434_SMarco/13_SMaurizio/SMaurizio_0_1.png,/catastici/Catastici-434/13/1537.tif
434,San Marco,14,San Angelo,434_SMarco/14_SAngelo/SAngelo_0_1.png,/catastici/Catastici-434/14/1643.tif
434,San Marco,15,San Vidal,434_SMarco/15_SVidal/SVidal_0_1.png,/catastici/Catastici-434/1771.tif
434,San Marco,16,San Samuel,434_SMarco/16_SSamuel/SSamuel_0_1.png,/catastici/Catastici-434/1881.tif
435,Castello,1,San Piero Castello,435_Castello/1_SPieroCastello/SPieroCastello_0_1.png,/catastici/Catastici-435/1/0011.tif
435,Castello,2,Santa Ternita,435_Castello/2_STernita/STernita_0_1.png,/catastici/Catastici-435/2/0311.tif
435,Castello,3,San Biasio,435_Castello/3_SBiasio/SBiasio_0_1.png,/catastici/Catastici-435/3/0465.tif
435,Castello,4,San Martin,435_Castello/4_SMartin/SMartin_0_1.png,Catastici-435/4/0565.tif
435,Castello,5,San Antonino,435_Castello/5_SAntonino/SAntonino_0_1.png,/catastici/Catastici-435/5/0693.tif
435,Castello,6,San Giovanni Bragora,435_Castello/6_SGiovanniBragora/SGiovanniBragora_0_1.png,/catastici/Catastici-435/6/0811.tif
435,Castello,7,Santa Giustina,435_Castello/7_SGiustina/SGiustina_0_1.png,/catastici/Catastici-435/7/0953.tif
435,Castello,8,San Severo,435_Castello/8_SSevero/SSevero_0_1.png,/catastici/Catastici-435/8/1073.tif
435,Castello,9,San Provolo,435_Castello/9_SProvolo/SProvolo_0_1.png,/catastici/Catastici-435/9/1181.tif
435,Castello,10,San Giovanni Novo,435_Castello/10_SGiovanniNovo/SGiovanniNovo_0_1.png,/catastici/Catastici-435/10/1281.tif
435,Castello,11,Santa Maria Formosa,435_Castello/11_SMariaFormosa/SMariaFormosa_0_1.png,/catastici/Catastici-435/11/1395.tif
435,Castello,12,Santa Marina,435_Castello/12_SMarina/SMarina_0_1.png,/catastici/Catastici-435/12/1567.tif
435,Castello,13,San Lio,435_Castello/13_SLio/SLio_0_1.png,/catastici/Catastici-435/13/1713.tif
436,Cannaregio,1,Santa Geremia,436_Cannaregio/1_SGeremia/SGeremia_0_1.png,/catastici/Catastici-436/1/0093.tif
436,Cannaregio,2,Santa Marcuola,436_Cannaregio/2_SMarcuola/SMarcuola_0_1.png,/catastici/Catastici-436/2/0243.tif
436,Cannaregio,3,Santa Maria Nova,436_Cannaregio/3_SMariaNova/SMariaNova_0_1.png,/catastici/Catastici-436/3/0379.tif
436,Cannaregio,4,Santa Maria Maddalena,436_Cannaregio/4_SMariaMaddalena/SMariaMaddalena_0_1.png,/catastici/Catastici-436/3/0487.tif
436,Cannaregio,5,San Lunardo,436_Cannaregio/5_SLunardo/SLunardo_0_1.png,/catastici/Catastici-436/4/0577.tif
436,Cannaregio,6,Santa Fosca,436_Cannaregio/6_SFosca/SFosca_0_1.png,/catastici/Catastici-436/5/0681.tif
436,Cannaregio,7,San Marcilian,436_Cannaregio/7_SMarcilian/SMarcilian_0_1.png,/catastici/Catastici-436/6/0791.tif
436,Cannaregio,8,San S Apostoli,436_Cannaregio/8_SSApostoli/SSApostoli_0_1.png,/catastici/Catastici-436/7/0917.tif
436,Cannaregio,9,Santa Sofia,436_Cannaregio/9_SSofia/SSofia_0_1.png,/catastici/Catastici-436/8/1063.tif
436,Cannaregio,10,San Felice,436_Cannaregio/10_SFelice/SFelice_0_1.png,/catastici/Catastici-436/9/1273.tif
436,Cannaregio,11,San Cancian,436_Cannaregio/11_SCancian/SCancian_0_01.png,/catastici/Catastici-436/10/1393.tif
436,Cannaregio,12,San Giovanni Grisostomo,436_Cannaregio/12_SGiovanniGrisostomo/SGiovanniGrisostomo_0_ni.png,Catastici-436/11/1519.tif
437,San Polo,1,San Polo,437_SPolo/1_SPolo/SPolo_0_1.png,/catastici/Catastici-437/1/0093.tif
437,San Polo,2,Santa Toma,437_SPolo/2_SToma/SToma_0_1.png,/catastici/Catastici-437/2/0249.tif
437,San Polo,3,San Agostin,437_SPolo/3_SAgostin/SAgostin_0_1.png,/catastici/Catastici-437/3/0365.tif
437,San Polo,4,San Stin,437_SPolo/4_SStin/SStin_0_1.png,/catastici/Catastici-437/4/0461.tif
437,San Polo,5,San Boldo,437_SPolo/5_SBoldo/SBoldo_0_1.png,/catastici/Catastici-437/5/0577.tif
437,San Polo,6,San Aponal,437_SPolo/6_SAponal/SAponal_0_1.png,/catastici/Catastici-437/6/0681.tif
437,San Polo,7,San Mattio,437_SPolo/7_SMattio/SMattio_0_1.png,/catastici/Catastici-437/8/0831.tif
437,San Polo,8,San Giovanni Novo,437_SPolo/8_SGiovanniNovo/SGiovanniNovo_0_1.png,/catastici/Catastici-437/9/0905.tif
437,San Polo,9,San Silvestro,437_SPolo/9_SSilvestro/SSilvestro_0_1.png,/catastici/Catastici-437/10/1025.tif
438,San Croce,1,San Croce,438_SCroce/1_SCroce/SCroce_0_1.png,/catastici/Catastici-438/1/0093.tif
438,San Croce,2,San Cassiano,438_SCroce/2_SCassiano/SCassiano_0_01.png,/catastici/Catastici-438/2/0275.tif
438,San Croce,3,Santa Maria Mater Domini,438_SCroce/3_SMariaMaterDomini/SMariaMaterDomini_0_1.png,/catastici/Catastici-438/3/0397.tif
438,San Croce,4,San Simon Profeta,438_SCroce/4_SSimonProfeta/SSimonProfeta_0_1.png,/catastici/Catastici-438/4/0529.tif
438,San Croce,5,San Simon Piccolo,438_SCroce/5_SSimonPiccolo/SSimonPiccolo_0_1.png,/catastici/Catastici-438/5/0645.tif
438,San Croce,6,Santa Lucia,438_SCroce/6_SLucia/SLucia_0_1.png,/catastici/Catastici-438/6/0753.tif
438,San Croce,7,San Giovannidecollato,438_SCroce/7_SGiovannidecollato/SGiovannidecollato_0_1.png,/catastici/Catastici-438/7/0865.tif
438,San Croce,8,San Stae,438_SCroce/8_SStae/SStae_0_1.png,/catastici/Catastici-438/8/0971.tif
438,San Croce,9,San Giacomo Dall Orio,438_SCroce/9_SGiacomoDallOrio/SGiacomoDallOrio_0_1.png,/catastici/Catastici-438/9/1097.tif
438,San Croce,10,San Salvador Murano,438_SCroce/10_SSalvadorMurano/SSalvadorMurano_0.png,Catastici-438/10/1263.tif
438,San Croce,11,San Stefano Murano,438_SCroce/11_SStefanoMurano/SStefanoMurano_0.png,Catastici-438/11/1279.tif
438,San Croce,12,San Martin Murano,438_SCroce/12_SMartinMurano/SMartinMurano_0.png,Catastici-438/12/1491.tif
438,San Croce,13,San Donato Murano,438_SCroce/13_SDonatoMurano/SDonatoMurano_0.png,Catastici-438/13/1555.tif
439,Dorsoduro,1,San Nicolo,439_Dorsoduro/1_SanNicolo/SanNicolo_0_1.png,/catastici/Catastici-439/1/0093.tif
439,Dorsoduro,2,Angelo Raffael,439_Dorsoduro/2_AngeloRaffael/AngeloRaffael_0_1.png,/catastici/Catastici-439/2/0303.tif
439,Dorsoduro,3,San Pantalon,439_Dorsoduro/3_SPantalon/SPantalon_0_1.png,/catastici/Catastici-439/3/0453.tif
439,Dorsoduro,4,Santa Margherita,439_Dorsoduro/4_SMargherita/SMargherita_0_1.png,/catastici/Catastici-439/4/0583.tif
439,Dorsoduro,5,Santa Barnaba,439_Dorsoduro/5_SBarnaba/SBarnaba_0_1.png,/catastici/Catastici-439/5/0719.tif
439,Dorsoduro,6,San Trovaso,439_Dorsoduro/6_STrovaso/STrovaso_0_1.png,/catastici/Catastici-439/6/0873.tif
439,Dorsoduro,7,San Vio,439_Dorsoduro/7_SVio/SVio_0_1.png,/catastici/Catastici-439/7/1011.tif
439,Dorsoduro,8,San Agnese,439_Dorsoduro/8_SAgnese/SAgnese_0_1.png,/catastici/Catastici-439/8/1127.tif
439,Dorsoduro,9,San Baseggio,439_Dorsoduro/9_SBaseggio/SBaseggio_0_01.png,/catastici/Catastici-439/10/1243.tif
439,Dorsoduro,10,San Gregorio,439_Dorsoduro/10_SGregorio/SGregorio_0_1.png,/catastici/Catastici-439/11/1345.tif
439,Dorsoduro,11,Santa Eufemia,439_Dorsoduro/11_SEufemia/SEufemia_0.png,
440,Ghetto,1,Ghetto Vecchio,440_Ghetto/1_GhettoVecchio/2_none.jpg,
440,Ghetto,2,Ghetto Nuovo,440_Ghetto/2_GhettoNuovo/62_none.jpg,
440,Ghetto,3,Ghetto Nuovissimo,440_Ghetto/3_GhettoNuovissimo/92_none.jpg,
