georeferenced map filename,document filename,slug,nom,description,paradata_process,paradata_provenance,start_time,end_time,CRS,CRS_updated,description_en,description_it,description_de,nom_fr,nom_it,nom_de,paradata_process_fr,paradata_process_it,paradata_process_de,paradata_provenance_en,paradata_provenance_it,paradata_provenance_de,extent
1638_maquette_qgis_modified.tif,1638_maquette_qgis.tif,lausanne-1638-maquette-mhl,Orthophoto – City Model 1638,"Orthophoto de la maquette historique de Lausanne. Calculée à partir du nuage de point 3D d'une maquette se trouvant au Musée Historique Lausanne. Le nuage de point a été produit par l'EPFL par photogrammétrie. La maquette, qui date de la fin du 20e siècle, a été réalisée par croisement du plan iconographique de Lausanne en 1638 avec le premier cadastre géométrique publié en 1722.",The image is an orthophoto derived from the digital cloudpoint 3D model made by EPFL.,"EPFL, Musée Historique Lausanne",1638,1721,EPSG:2056,,"Orthophoto of the historical scale model of Lausanne. Generated from the 3D point cloud of a model housed at the Lausanne Historical Museum. The point cloud was produced by EPFL using photogrammetry. The model, which dates from the late 20th century, was created by combining the iconographic plan of Lausanne from 1638 with the first geometric cadastral map published in 1722.","Ortofoto del modello storico di Losanna. Calcolata a partire dalla nuvola di punti 3D di un modello situato al Museo Storico di Losanna. La nuvola di punti è stata prodotta dall’EPFL tramite fotogrammetria. Il modello, risalente alla fine del XX secolo, è stato realizzato incrociando la pianta iconografica di Losanna del 1638 con il primo catasto geometrico pubblicato nel 1722.","Orthofoto des historischen Modells von Lausanne. Berechnet auf Grundlage der 3D-Punktwolke eines Modells, das sich im Musée Historique Lausanne befindet. Die Punktwolke wurde von der EPFL mittels Photogrammetrie erzeugt. Das Modell, das aus dem späten 20. Jahrhundert stammt, wurde durch die Überlagerung des ikonografischen Plans von Lausanne aus dem Jahr 1638 mit dem ersten geometrischen Kataster, der 1722 veröffentlicht wurde, erstellt.",Orthophoto – Modèle urbain 1638,Ortofoto – Modello Cittadino 1638,Orthophoto – Stadtmodell 1638,L’image est une orthophotographie dérivée du modèle 3D de nuage de points numérique réalisé par l’EPFL.,L’immagine è un’ortofoto ottenuta dal modello digitale 3D a nuvola di punti realizzato dall’EPFL.,"Das Bild ist ein Orthofoto, das aus dem digitalen 3D-Punktwolkenmodell erstellt wurde, welches von der EPFL angefertigt wurde.","EPFL, Lausanne Historical Museum","EPFL, Museo Storico di Losanna","EPFL, Historisches Museum Lausanne","['POINT (6.641402451544036 46.526546235994196)', 'POINT (6.626308575527873 46.51849249768184)']"
1721_Melotte_modified.tif,1721_Melotte.jpg,lausanne-1721-melotte-pictorial,Pictorial Plan 1721,Carte géoréférencée. Plan du centre-ville de Lausanne et de ses Fauxbourg levée géométriquement par Melotte en parallèle de la réalisation du cadastre.,The map was georeferenced manually using TPS warping.,Archives Cantonales Vaudoises,1721,1721,EPSG:2056,,"Georeferenced map. Plan of downtown Lausanne and its suburbs, surveyed geometrically by Melotte in parallel with the creation of the cadastre.",Carta georeferenziata. Pianta del centro città di Losanna e dei suoi sobborghi rilevata geometricamente da Melotte parallelamente alla realizzazione del catasto.,"Georeferenzierte Karte. Plan der Innenstadt von Lausanne und ihrer Vorstädte, geometrisch aufgenommen von Melotte parallel zur Erstellung des Katasters.**",Plan Pictural de 1721,Piano Pittorico 1721,Bildplan 1721,La carte a été géoréférencée manuellement à l’aide d’une déformation TPS.,La mappa è stata georeferenziata manualmente utilizzando la distorsione TPS.,Die Karte wurde manuell mithilfe von TPS-Verzerrung georeferenziert.,**Vaudois Cantonal Archives**,Archivi Cantonali del Vaud,Waadtländisches Staatsarchiv,"['POINT (6.641402451544036 46.526546235994196)', 'POINT (6.626308575527873 46.51849249768184)']"
1723_Melotte_modified.tif,1723_Melotte.jpg,lausanne-1723-melotte-owners,Land Owners 1723,Carte géoréférencée. Plan du centre-ville de Lausanne et de ses Fauxbourg sur la base du cadastre de 1722. Comprenant également les fiefs et propriétaires des parcelles du centre-ville.,The map was georeferenced manually using TPS warping.,Archives de la Ville de Lausanne,1721,1723,EPSG:2056,,Georeferenced map. Plan of the city center of Lausanne and its suburbs based on the 1722 cadastral survey. Also includes the fiefs and owners of the parcels in the city center.,"Carta georeferenziata. Pianta del centro città di Losanna e dei suoi sobborghi, basata sul catasto del 1722. Comprende anche i feudi e i proprietari delle particelle del centro città.",Georeferenzierte Karte. Plan der Innenstadt von Lausanne und ihrer Vorstädte auf Grundlage des Katasters von 1722. Enthält ebenfalls die Lehen und Eigentümer der Parzellen im Stadtzentrum.,Propriétaires fonciers en 1723,Proprietari terrieri nel 1723,Grundeigentümer 1723,La carte a été géoréférencée manuellement à l’aide d’une transformation par amincissement des plaques (TPS).,La mappa è stata georeferenziata manualmente utilizzando la deformazione TPS.,Die Karte wurde manuell mithilfe von TPS-Verzerrung georeferenziert.,Lausanne City Archives,Archivi della Città di Losanna,Stadtarchiv Lausanne,"['POINT (6.641348445838168 46.52644755557173)', 'POINT (6.626268107289584 46.518700755758935)']"
1806_plan_Emery_modified.tif,1806_plan_Emery.jpg,lausanne-1806-official-emery,Official Map 1806,"Carte géoréférencée de Lausanne réalisée par Louis Emery en 1806, peu après l'entrée du canton de Vaud dans la Confédération Suisse, et dédiée au Petit Conseil (gouvernement vaudois).",The map was georeferenced manually using TPS warping.,Bibliothèque nationale de France,1806,1806,EPSG:2056,,"Georeferenced map of Lausanne created by Louis Emery in 1806, shortly after the canton of Vaud joined the Swiss Confederation, and dedicated to the Petit Conseil (the government of Vaud).","Mappa georeferenziata di Losanna realizzata da Louis Emery nel 1806, poco dopo l’ingresso del Canton Vaud nella Confederazione Svizzera, e dedicata al Petit Conseil (governo vodese).","Georeferenzierte Karte von Lausanne, erstellt von Louis Emery im Jahr 1806, kurz nach dem Beitritt des Kantons Waadt zur Schweizerischen Eidgenossenschaft und dem Kleinen Rat (Waadtländer Regierung) gewidmet.",Carte officielle de 1806,Mappa ufficiale del 1806,Offizielle Karte von 1806,La carte a été géoréférencée manuellement à l’aide de la déformation TPS.,La mappa è stata georeferenziata manualmente utilizzando la deformazione TPS.,Die Karte wurde manuell mittels TPS-Verzerrung georeferenziert.,National Library of France,Biblioteca nazionale di Francia,Nationale Bibliothek von Frankreich**,"['POINT (6.66313136345543 46.54253422093042)', 'POINT (6.600515173545638 46.49450843315549)']"
1824_Spengler_modified.tif,1824_Spengler.jpg,lausanne-1824-spengler,Map 1824,"Carte géoréférencée réalisée par François Recordon, publiée par Spengler et Cie en 1824, décrivant Lausanne et ses environs. Publiée dans le Manuel Historique, Topographique et Statistique de Lausanne et du Canton de Vaud.",The map was georeferenced manually using TPS warping.,Bibliothèque universitaire de Berne,1824,1824,EPSG:2056,,"Georeferenced map created by François Recordon, published by Spengler & Co. in 1824, depicting Lausanne and its surroundings. Published in the Historical, Topographical, and Statistical Manual of Lausanne and the Canton of Vaud.","Mappa georeferenziata realizzata da François Recordon, pubblicata da Spengler e Cie nel 1824, che descrive Losanna e i suoi dintorni. Pubblicata nel Manuale Storico, Topografico e Statistico di Losanna e del Cantone di Vaud.","Georeferenzierte Karte, erstellt von François Recordon, veröffentlicht von Spengler & Co. im Jahr 1824, die Lausanne und seine Umgebung beschreibt. Veröffentlicht im „Historischen, Topographischen und Statistischen Handbuch von Lausanne und dem Kanton Waadt“.",Carte de 1824,Mappa del 1824,Karte von 1824,La carte a été géoréférencée manuellement à l’aide de la déformation TPS.,La mappa è stata georeferenziata manualmente utilizzando la deformazione TPS.,Die Karte wurde manuell mittels TPS-Verzerrung georeferenziert.,University Library of Bern,Biblioteca universitaria di Berna,Universitätsbibliothek Bern,"['POINT (6.6597351061612065 46.544679904372174)', 'POINT (6.592705987047 46.49546522112729)']"
1836_projet_ceinture_Pichard_modified.tif,1836_projet_ceinture_Pichard.jpg,lausanne-1836-ceinture-pichard,Pichard Belt Project Plan 1836,"Carte géoréférencée de Lausanne décrivant les transformations urbaines proposées par Adrien Pichard, en 1836. La ceinture urbaine sera réalisée et les travaux se termineront en 1861.",The map was georeferenced manually using TPS warping.,Archives de la Ville de Genève,1836,1838,EPSG:2056,,"Georeferenced map of Lausanne depicting the urban transformations proposed by Adrien Pichard in 1836. The urban belt would be constructed, and the works would be completed in 1861.",Carta georeferenziata di Losanna che descrive le trasformazioni urbane proposte da Adrien Pichard nel 1836. La cintura urbana sarà realizzata e i lavori termineranno nel 1861.,"Georeferenzierte Karte von Lausanne, die die von Adrien Pichard im Jahr 1836 vorgeschlagenen städtebaulichen Umgestaltungen beschreibt. Der Stadtgürtel wird realisiert und die Arbeiten werden 1861 abgeschlossen.","Plan du projet de la ceinture de Pichard, 1836","Piano del Progetto della Cintura di Pichard, 1836",Projektplan des Pichard-Gürtels 1836,La carte a été géoréférencée manuellement à l’aide de la transformation par TPS (Thin Plate Spline).,La mappa è stata georeferenziata manualmente utilizzando la deformazione TPS.,Die Karte wurde manuell mittels TPS-Verzerrung georeferenziert.,Geneva City Archives,Archivio della Città di Ginevra,Stadtarchiv Genf,"['POINT (6.648526806270147 46.534458035670234)', 'POINT (6.614581657529268 46.51293418525592)']"
1838_berney_ensemble_modified.tif,1838_berney_ensemble.jpg,lausanne-1838-berney-ensemble,Berney Ensemble Map 1838,Carte géoréférencée. Plan de la ville de Lausanne et de ses environs réalisé par Abram Berney sur la base du cadastre de 1831.,The map was georeferenced manually using TPS warping.,Archives de la Ville de Genève,1827,1838,EPSG:2056,,Georeferenced map. Plan of the city of Lausanne and its surroundings produced by Abram Berney based on the 1831 cadastral survey.,Carta georeferenziata. Pianta della città di Losanna e dei suoi dintorni realizzata da Abram Berney sulla base del catasto del 1831.,"Georeferenzierte Karte. Plan der Stadt Lausanne und ihrer Umgebung, erstellt von Abram Berney auf der Grundlage des Katasters von 1831.","Carte de l’Ensemble Berney, 1838",Mappa dell’Insieme Berney 1838,Berney-Ensemble-Karte von 1838,La carte a été géoréférencée manuellement à l’aide d’une déformation TPS.,La mappa è stata georeferenziata manualmente utilizzando la distorsione TPS.,Die Karte wurde manuell mithilfe von TPS-Verzerrung georeferenziert.,City of Geneva Archives,Archivi della Città di Ginevra,Stadtarchiv Genf,"['POINT (6.685343226279715 46.55194239878164)', 'POINT (6.5872930106668806 46.49831697067632)']"
1838_berney_centre_ville.png,1838_berney_centre_ville_modified.tif,lausanne-1838-berney-centre,Berney City Plan 1838,Carte géoréférencée. Plan du centre-ville de Lausanne réalisé par Abram Berney sur la base du cadastre de 1831.,The map was georeferenced manually using TPS warping.,"Bibliothèque cantonale universitaire, Service du cadastre de la Ville de Lausanne",1827,1838,EPSG:2056,,Georeferenced map. Plan of downtown Lausanne created by Abram Berney based on the 1831 cadastral survey.,Mappa georeferenziata. Pianta del centro città di Losanna realizzata da Abram Berney sulla base del catasto del 1831.,"Georeferenzierte Karte. Stadtplan des Lausanner Stadtzentrums, erstellt von Abram Berney auf Grundlage des Katasters von 1831.","Plan de la ville de Berney, 1838","Piantina della città di Berney, 1838",Berney-Stadtplan von 1838,La carte a été géoréférencée manuellement à l’aide de la déformation TPS.,La mappa è stata georeferenziata manualmente utilizzando la deformazione TPS.,Die Karte wurde manuell mittels TPS-Verzerrung georeferenziert.,"Cantonal and University Library, Land Registry Office of the City of Lausanne","Biblioteca cantonale universitaria, Servizio del catasto della Città di Losanna","Kantons- und Universitätsbibliothek, Katasteramt der Stadt Lausanne","['POINT (6.642220581184637 46.5269547998759)', 'POINT (6.625899248940653 46.5178770514543)']"
1852_Zollikofer_modified.tif,1852_Zollikofer.jpg,lausanne-1852-zollikofer,Geological Map 1852,Carte géoréférencée. Carte géologique de la ville de Lausanne et de ses environs réalisée en 1852 par Théodore Zollikofer sur la base du plan de 1838 par Berney.,The map was georeferenced manually using TPS warping.,Bibliothèque de l’EPFZ,1852,1852,EPSG:2056,,"Georeferenced map. Geological map of the city of Lausanne and its surroundings, produced in 1852 by Théodore Zollikofer based on the 1838 plan by Berney.",Carta georeferenziata. Carta geologica della città di Losanna e dei suoi dintorni realizzata nel 1852 da Théodore Zollikofer sulla base della pianta del 1838 di Berney.,"Georeferenzierte Karte. Geologische Karte der Stadt Lausanne und ihrer Umgebung, erstellt im Jahr 1852 von Théodore Zollikofer auf der Grundlage des Plans von 1838 von Berney.",Carte géologique de 1852,Mappa Geologica del 1852,Geologische Karte 1852,La carte a été géoréférencée manuellement à l’aide d’une transformation TPS (Thin Plate Spline).,La mappa è stata georeferenziata manualmente utilizzando la distorsione TPS.,Die Karte wurde manuell mittels TPS-Verzerrung georeferenziert.,ETH Library,Biblioteca ETH,ETH-Bibliothek,"['POINT (6.689543369693529 46.549562337254855)', 'POINT (6.5869978215056 46.49472766972794)']"
1854_plan_Weber_modified.tif,1854_plan_Weber.jpg,lausanne-1854-weber,House numbers Plan 1854,Carte géoréférencée. Plan du centre-ville de Lausanne réalisé sur la base du plan détaillé de 1838 par Berney. Ce plan est une révision de 1854 réalisée par F. Weber. Il indique les numéros de maison.,The map was georeferenced manually using TPS warping.,Archives de la Ville de Genève,1854,1854,EPSG:2056,,Georeferenced map. Map of downtown Lausanne based on the detailed 1838 plan by Berney. This map is a 1854 revision produced by F. Weber. House numbers are indicated.,Carta georeferenziata. Pianta del centro città di Losanna realizzata sulla base della mappa dettagliata del 1838 di Berney. Questa pianta è una revisione del 1854 eseguita da F. Weber. Indica la numerazione civica delle abitazioni.,"Georeferenzierte Karte. Stadtplan des Lausanner Zentrums, erstellt auf der Grundlage des detaillierten Plans von 1838 von Berney. Dieser Plan ist eine Überarbeitung aus dem Jahr 1854 von F. Weber. Er zeigt die Hausnummern an.","Plan de numérotation des maisons, 1854",Piano dei numeri civici 1854,Hausnummernplan 1854,La carte a été géoréférencée manuellement à l’aide de la transformation par TPS (Thin Plate Spline).,La mappa è stata georeferenziata manualmente utilizzando la deformazione TPS.,Die Karte wurde manuell mittels TPS-Verzerrung georeferenziert.,Geneva City Archives,Archivio della Città di Ginevra,Stadtarchiv Genf,"['POINT (6.64491687455088 46.52840523430098)', 'POINT (6.623683463098523 46.516519186398234)']"
1856_Spengler_modified.tif,1856_Spengler.jpg,lausanne-1856-bazar,Plan 1856,Carte géoréférencée. Plan du centre-ville de Lausanne publié par le Bazar vaudois.,The map was georeferenced manually using TPS warping.,Archives de la Ville de Genève,1856,1856,EPSG:2056,,Georeferenced map. Plan of downtown Lausanne published by the Bazar vaudois.,Carta georeferenziata. Pianta del centro città di Losanna pubblicata dal Bazar vodese.,"Georeferenzierte Karte. Plan der Innenstadt von Lausanne, herausgegeben vom Bazar vaudois.",Plan de 1856,Piano 1856,Plan von 1856,La carte a été géoréférencée manuellement à l’aide de la déformation TPS.,La mappa è stata georeferenziata manualmente utilizzando la distorsione TPS.,Die Karte wurde manuell mittels TPS-Verzerrung georeferenziert.,City of Geneva Archives,Archivio della Città di Ginevra,Stadtarchiv Genf,"['POINT (6.644191725780591 46.528228849630985)', 'POINT (6.623653141463005 46.51698632306139)']"
1858_Weber_modified.tif,1858_Weber.tif,lausanne-1858-weber,Weber Map 1858,Carte géoréférencée. Carte de Lausanne et de ses environs réalisée sur la base du plan d'ensemble de 1838 par Berney. Ce plan est une révision de 1858 réalisée par F. Weber.,The map was georeferenced manually using TPS warping.,Archives de la Ville de Genève,1858,1858,EPSG:2056,,Georeferenced map. Map of Lausanne and its surroundings based on the 1838 master plan by Berney. This plan was revised in 1858 by F. Weber.,Mappa georeferenziata. Mappa di Losanna e dei suoi dintorni realizzata sulla base del piano generale del 1838 di Berney. Questo piano è una revisione del 1858 effettuata da F. Weber.,"Georeferenzierte Karte. Karte von Lausanne und Umgebung, erstellt auf der Grundlage des Gesamtplans von 1838 von Berney. Dieser Plan wurde 1858 von F. Weber überarbeitet.",Carte de Weber de 1858,Mappa di Weber del 1858,Weber-Karte von 1858,La carte a été géoréférencée manuellement à l’aide d’une transformation TPS (Thin Plate Spline).,La mappa è stata georeferenziata manualmente utilizzando la deformazione TPS.,Die Karte wurde manuell mithilfe von TPS-Verzerrung georeferenziert.,Archives of the City of Geneva,Archivi della Città di Ginevra,Stadtarchiv Genf,"['POINT (6.672741029956641 46.5467249930638)', 'POINT (6.591076172826301 46.50097994970969)']"
1865_Siegfried_modified.tif,1865_Siegfried.jpg,lausanne-1865-siegfried,Siegfried Topographic Map 1865,"Carte géoréférencée. Carte topographie nationale, dite Siegfried, réalisée par l'Office Fédéral de la Topographie. Planche couvrant la Commune de Lausanne.",The map was georeferenced manually using TPS warping.,Archives de la Ville de Genève,1865,1865,EPSG:2056,,"Georeferenced map. National topographic map, known as the Siegfried Map, produced by the Federal Office of Topography. Sheet covering the municipality of Lausanne.","Carta georeferenziata. Carta topografica nazionale, detta Siegfried, realizzata dall’Ufficio Federale di Topografia. Tavola che copre il Comune di Losanna.","Georeferenzierte Karte. Nationale topografische Karte, sogenannte Siegfriedkarte, erstellt vom Bundesamt für Landestopografie. Blatt, das die Gemeinde Lausanne abdeckt.",Carte topographique Siegfried de 1865,Carta Topografica Siegfried 1865,Siegfriedkarte 1865,La carte a été géoréférencée manuellement à l’aide d’une transformation TPS (Thin Plate Spline).,La mappa è stata georeferenziata manualmente mediante deformazione TPS.,Die Karte wurde manuell mithilfe von TPS-Verzerrung georeferenziert.,City of Geneva Archives,Archivi della Città di Ginevra,Stadtarchiv Genf,"['POINT (6.744447102940855 46.61319994057879)', 'POINT (6.549174068600435 46.4747100210334)']"
1871_Spengler_modified.tif,1871_Spengler.jpg,lausanne-1871-spengler,Map 1871,Carte géoréférencée. Carte de Lausanne et de ses environs publiée en 1871 par le Bazar vaudois.,The map was georeferenced manually using TPS warping.,Archives de la Ville de Genève,1871,1871,EPSG:2056,,Georeferenced map. Map of Lausanne and its surroundings published in 1871 by the Bazar vaudois.,Mappa georeferenziata. Mappa di Losanna e dei suoi dintorni pubblicata nel 1871 dal Bazar vodese.,"Georeferenzierte Karte. Karte von Lausanne und Umgebung, veröffentlicht 1871 vom Bazar vaudois.",Carte de 1871,Mappa del 1871,Karte von 1871,La carte a été géoréférencée manuellement à l’aide d’une déformation TPS.,La mappa è stata georeferenziata manualmente utilizzando la deformazione TPS.,Die Karte wurde manuell mittels TPS-Verzerrung georeferenziert.,City of Geneva Archives,Archivi della Città di Ginevra,Stadtarchiv Genf,"['POINT (6.66976156819748 46.54013299751652)', 'POINT (6.615771831937492 46.50147028653434)']"
1871_Spengler_profil_modified.tif,1871_Spengler_profil.jpg,lausanne-1871-spengler-funiculaire,Funicular Map 1871,"Carte géoréférencée. Carte et profil du chemin de fer pneumatique de Lausanne à Ouchy, publié en 1871 par Spengler et Cie.",The map was georeferenced manually using TPS warping.,Archives de la Ville de Genève,1871,1871,EPSG:2056,,"Georeferenced map. Map and profile of the pneumatic railway from Lausanne to Ouchy, published in 1871 by Spengler & Co.","Carta georeferenziata. Carta e profilo della ferrovia pneumatica da Losanna a Ouchy, pubblicata nel 1871 da Spengler e Cie.","Georeferenzierte Karte. Karte und Profil der pneumatischen Eisenbahnstrecke von Lausanne nach Ouchy, veröffentlicht 1871 von Spengler & Co.",Carte du funiculaire de 1871,"Mappa del Funicolare, 1871",Standseilbahnkarte 1871,La carte a été géoréférencée manuellement à l’aide d’une déformation TPS.,La mappa è stata georeferenziata manualmente utilizzando la distorsione TPS.,Die Karte wurde manuell mittels TPS-Verzerrung georeferenziert.,Geneva City Archives,Archivi della Città di Ginevra,Stadtarchiv Genf,"['POINT (6.66976156819748 46.54013299751652)', 'POINT (6.615771831937492 46.50147028653434)']"
1875_deCrousaz_trimmed_modified.tif,1875_deCrousaz.jpg,lausanne-1875-decrousaz,Official Plan 1875,"Carte géoréférencée. Plan de la ville de Lausanne et de sa banlieue publié par D. Lebet, suivant un original dressé par le Bureau des Travaux.",The map was georeferenced manually using TPS warping.,Service du cadastre de la Ville de Lausanne,1875,1875,EPSG:2056,,"Georeferenced map. Plan of the city of Lausanne and its suburbs published by D. Lebet, based on an original prepared by the Bureau of Works.","Mappa georeferenziata. Pianta della città di Losanna e della sua periferia pubblicata da D. Lebet, secondo un originale redatto dall’Ufficio dei Lavori.","Georeferenzierte Karte. Plan der Stadt Lausanne und ihrer Vororte, herausgegeben von D. Lebet, nach einem Original, das vom Büro für Bauarbeiten erstellt wurde.",Plan officiel de 1875,Piano Ufficiale del 1875,Amtlicher Plan 1875,La carte a été géoréférencée manuellement à l’aide de la déformation TPS.,La mappa è stata georeferenziata manualmente utilizzando la deformazione TPS.,Die Karte wurde manuell mittels TPS-Verzerrung georeferenziert.,Cadastral Service of the City of Lausanne,Servizio del catasto della Città di Losanna,Katasteramt der Stadt Lausanne,"['POINT (6.660335646088969 46.54334787382938)', 'POINT (6.601406420669948 46.49995990057641)']"
1875_indicateur_reber_modified.tif,1875_indicateur_reber.png,lausanne-1875-indicateur-reber,City directory Plan 1875,"Carte géoréférencée. Plan de Lausanne par P. Reber, publié dans l'indicateur vaudois de 1875, précuseur de l'annuaire.",The map was georeferenced manually using TPS warping.,Bibliothèque cantonale universitaire,1875,1875,EPSG:2056,,"Georeferenced map. Plan of Lausanne by P. Reber, published in the 1875 Vaud Directory, a precursor to the directory.","Mappa georeferenziata. Pianta di Losanna di P. Reber, pubblicata nell’Indicateur vaudois del 1875, precursore dell’annuario.","Georeferenzierte Karte. Plan von Lausanne von P. Reber, veröffentlicht im „Indicateur vaudois“ von 1875, dem Vorläufer des Adressbuchs.","Plan d’annuaire de la ville, 1875",Piano dell’elenco cittadino del 1875,Stadtadressbuch-Plan 1875,La carte a été géoréférencée manuellement à l’aide de la déformation TPS.,La mappa è stata georeferenziata manualmente utilizzando la deformazione TPS.,Die Karte wurde manuell mittels TPS-Verzerrung georeferenziert.,Cantonal and University Library,Biblioteca cantonale universitaria,Kantons- und Universitätsbibliothek,"['POINT (6.654776130463148 46.536191468196044)', 'POINT (6.610940910533222 46.50905348887334)']"
1880_indicateur_wurster_modified.tif,1880_indicateur_wurster.png,lausanne-1880-indicateur-wurster,City directory Plan 1880,"Carte géoréférencée. Plan parcellaire de Lausanne édité par D. Lebet, réalisé par Wurster, Randegger et Cie, à Wintherthur. Publié dans l'indicateur vaudois de 1880, précurseur de l'annuaire.",The map was georeferenced manually using TPS warping.,Bibliothèque cantonale universitaire,1880,1880,EPSG:2056,,"Georeferenced map. Cadastral plan of Lausanne published by D. Lebet, produced by Wurster, Randegger & Co., in Winterthur. Published in the 1880 Vaud Directory, a forerunner of the annual directory.","Carta georeferenziata. Piano particellare di Losanna, edito da D. Lebet, realizzato da Wurster, Randegger e Cie, a Winterthur. Pubblicato nell’Indicateur vaudois del 1880, precursore dell’annuario.","Georeferenzierte Karte. Parzellenplan von Lausanne, herausgegeben von D. Lebet, angefertigt von Wurster, Randegger & Cie in Winterthur. Veröffentlicht im „Indicateur vaudois“ von 1880, dem Vorläufer des Adressbuchs.","Plan d’annuaire de la ville, 1880",Piano dell’Elenco Cittadino 1880,Stadtadressbuch-Plan 1880,La carte a été géoréférencée manuellement à l’aide d’une déformation TPS.,La mappa è stata georeferenziata manualmente utilizzando la deformazione TPS.,Die Karte wurde manuell mittels TPS-Verzerrung georeferenziert.,Cantonal and University Library,Biblioteca cantonale universitaria,Kantons- und Universitätsbibliothek,"['POINT (6.657915096475051 46.54275644226975)', 'POINT (6.602425759957413 46.4994884379412)']"
1890_Furrer.tiff,,lausanne-1890-lebet,Map 1890,"Carte géoréférencée. Plan de la ville de Lausanne et de sa banlieue publié en 1890 par D. Lebet, suivant un original dressé par le Bureau des Travaux en 1875.",The map was georeferenced manually using TPS warping.,Bibliothèque de l'EPFZ,1890,1890,EPSG:2056,,"Georeferenced map. Plan of the city of Lausanne and its suburbs published in 1890 by D. Lebet, based on an original drawn up by the Bureau of Works in 1875.","Mappa georeferenziata. Pianta della città di Losanna e dei suoi sobborghi pubblicata nel 1890 da D. Lebet, secondo un originale redatto dall’Ufficio dei Lavori nel 1875.","Georeferenzierte Karte. Plan der Stadt Lausanne und ihrer Vororte, veröffentlicht 1890 von D. Lebet, nach einem Original, das 1875 vom Büro für Bauwesen erstellt wurde.",Carte de 1890,Mappa del 1890,Karte von 1890,La carte a été géoréférencée manuellement à l’aide de la déformation TPS.,La mappa è stata georeferenziata manualmente utilizzando la deformazione TPS.,Die Karte wurde manuell mithilfe von TPS-Verzerrung georeferenziert.,ETH library,Biblioteca ETH,ETH-Bibliothek,"['POINT (6.6653468203941655 46.548628404349614)', 'POINT (6.595898564270471 46.49351794354828)']"
1900_payot_modified.tif,1900_payot.jpg,lausanne-1900-payot,Parcel plan 1900,"Carte géoréférencée. Plan parcellaire de la ville de Lausanne et de sa banlieue, réalisé par Wurster, Randegger et Cie vers 1880, édité par F. Payot. Modifié pour y inclure le Nouvel Hôtel des Postes de St-François, achevé en 1900.",The map was georeferenced manually using TPS warping.,Archives de la Ville de Genève,1900,1900,EPSG:2056,,"Georeferenced map. Cadastral plan of the city of Lausanne and its suburbs, produced by Wurster, Randegger & Co. around 1880, published by F. Payot. Modified to include the new St. François Post Office, completed in 1900.","Mappa georeferenziata. Piano particellare della città di Losanna e della sua periferia, realizzato da Wurster, Randegger & Cie intorno al 1880, pubblicato da F. Payot. Modificato per includere il Nuovo Palazzo delle Poste di San Francesco, completato nel 1900.","Georeferenzierte Karte. Parzellierungsplan der Stadt Lausanne und ihrer Vororte, erstellt von Wurster, Randegger & Co. um 1880, herausgegeben von F. Payot. Überarbeitet, um das Neue Postgebäude von St. François einzubeziehen, das im Jahr 1900 fertiggestellt wurde.",Plan parcellaire de 1900,Planimetria particellare del 1900,Parzellenplan 1900,La carte a été géoréférencée manuellement à l’aide d’une déformation TPS.,La mappa è stata georeferenziata manualmente utilizzando la distorsione TPS.,Die Karte wurde manuell mittels TPS-Verzerrung georeferenziert.,City of Geneva Archives,Archivi della Città di Ginevra,Stadtarchiv Genf,"['POINT (6.663421626924276 46.546104078063046)', 'POINT (6.59879718777379 46.497241758954104)']"
1903_Reber_modified.tif,1903_Reber.jpg,lausanne-1903-tramway-reber,Tramway plan 1903,"Carte géoréférencée. Plan du centre-ville de Lausanne en 1903, par P. Reber, incluant les lignes du tramway.",The map was georeferenced manually using TPS warping.,Archives de la Ville de Genève,1902,1903,EPSG:2056,,"Georeferenced map. Plan of downtown Lausanne in 1903, by P. Reber, including the tramway lines.","Carta georeferenziata. Pianta del centro città di Losanna del 1903, realizzata da P. Reber, comprendente le linee del tram.","Georeferenzierte Karte. Stadtplan des Zentrums von Lausanne im Jahr 1903, erstellt von P. Reber, einschließlich der Straßenbahnlinien.",Plan du tramway de 1903,Piano tranviario del 1903,Tramway-Plan 1903,La carte a été géoréférencée manuellement à l’aide du déformation TPS (Thin Plate Spline).,La mappa è stata georeferenziata manualmente utilizzando la deformazione TPS.,Die Karte wurde manuell mittels TPS-Verzerrung georeferenziert.,Geneva City Archives,Archivio della Città di Ginevra,Stadtarchiv Genf,"['POINT (6.6550972116313005 46.53669387310264)', 'POINT (6.60988685922335 46.50847117778773)']"
1910_Muller_Trub_modified.tif,1910_Muller_Trub.jpg,lausanne-1910-payot,Parcel plan 1910,"Carte géoréférencée. Plan parcellaire de Lausanne et de sa banlieue, en 1910, éditée par F. Payot.",The map was georeferenced manually using TPS warping.,Bibliothèque nationale de France,1903,1910,EPSG:2056,,"Georeferenced map. Cadastral plan of Lausanne and its suburbs, in 1910, published by F. Payot.","Carta georeferenziata. Piano particellare di Losanna e dei suoi sobborghi, del 1910, edito da F. Payot.","Georeferenzierte Karte. Parzellenplan von Lausanne und ihrer Umgebung, im Jahr 1910, herausgegeben von F. Payot.",Plan parcellaire de 1910,Piano particellare del 1910,Parzellenplan 1910,La carte a été géoréférencée manuellement à l’aide de la déformation TPS.,La mappa è stata georeferenziata manualmente utilizzando la deformazione TPS.,Die Karte wurde manuell mittels TPS-Verzerrung georeferenziert.,National Library of France,Biblioteca nazionale di Francia,Nationale Bibliothek von Frankreich,"['POINT (6.664102698169097 46.547575281237705)', 'POINT (6.598756609862424 46.497947025217115)']"
1912_plan_lsne_095-1_modified_EPSG2056_clipped.tif,1912_plan_lsne_095-1.tif,lausanne-1913-plan-officiel,Official Plan 1913,Carte géoréférencée. Plan parcellaire de Lausanne d'après le Plan Officiel de 1907. Edité par F. Rouge et A. Denéréaz-Spengler en 1913.,The map was georeferenced manually.,Service du cadastre de la Ville de Lausanne,1907,1913,EPSG:21781,EPSG:2056,Georeferenced map. Cadastral plan of Lausanne based on the Official Plan of 1907. Published by F. Rouge and A. Denéréaz-Spengler in 1913.,Carta georeferenziata. Piano particellare di Losanna secondo il Piano Ufficiale del 1907. Edito da F. Rouge e A. Denéréaz-Spengler nel 1913.,Georeferenzierte Karte. Parzellenplan von Lausanne nach dem offiziellen Plan von 1907. Herausgegeben von F. Rouge und A. Denéréaz-Spengler im Jahr 1913.,Plan officiel de 1913,Piano Ufficiale del 1913,Amtlicher Plan 1913,La carte a été géoréférencée manuellement.,La mappa è stata georeferenziata manualmente.,Die Karte wurde manuell georeferenziert.,Land Registry Office of the City of Lausanne,Servizio del catasto della Città di Losanna,Dienst für das Katasterwesen der Stadt Lausanne,"['POINT (6.66755189446466 46.54835056594758)', 'POINT (6.589935584470941 46.49869359531101)']"
1925_Simplon.tiff,,lausanne-1926-ubs,Pictorial Map 1926,"Carte géoréférencée. Plan pictorial de Lausanne édité par l'Union des banques suisses vers 1926 et Panorama du signal de Sauvabelin, publié par Simplon S.A.",The map was georeferenced manually using TPS warping.,David Rumsey Map Collection,1925,1926,EPSG:2056,,"Georeferenced map. Pictorial plan of Lausanne published by the Union of Swiss Banks around 1926 and panorama of the Signal de Sauvabelin, published by Simplon S.A.","Mappa georeferenziata. Pianta pittorica di Losanna edita dall’Unione delle banche svizzere intorno al 1926 e Panorama del Signal de Sauvabelin, pubblicato da Simplon S.A.","Georeferenzierte Karte. Piktorialer Plan von Lausanne, herausgegeben von der Schweizerischen Bankgesellschaft um 1926, und Panorama vom Signal de Sauvabelin, veröffentlicht von Simplon S.A.",Carte picturale de 1926,Mappa pittorica 1926,Bildkarte 1926,La carte a été géoréférencée manuellement à l’aide de la déformation TPS.,La mappa è stata georeferenziata manualmente utilizzando la deformazione TPS.,Die Karte wurde manuell mittels TPS-Verzerrung georeferenziert.,David Rumsey Map Collection,Collezione di Mappe David Rumsey,David Rumsey Kartensammlung,"['POINT (6.671551874725265 46.554764744095436)', 'POINT (6.5847058209473746 46.497070132972645)']"
1925_SocieteDesTransports_modified.tif,1925_SocieteDesTransports.jpg,lausanne-1925-transports,Transports map 1925,"Carte géoréférencée. Plan des lignes du réseau de la société des transports lausannois, en 1925. Comprenant notamment les lignes du tramway, des funiculaires et des autobus.",The map was georeferenced manually using TPS warping.,Bibliothèque nationale de France,1925,1925,EPSG:2056,,"Georeferenced map. Map of the network lines of the Lausanne Transport Company in 1925. Includes, in particular, the tramway, funicular, and bus lines.","Carta georeferenziata. Pianta delle linee della rete della società dei trasporti losannesi, nel 1925. Comprendente in particolare le linee del tram, delle funicolari e degli autobus.","Georeferenzierte Karte. Plan der Linien des Netzes der Gesellschaft der Lausanner Verkehrsbetriebe im Jahr 1925. Enthält insbesondere die Straßenbahn-, Standseilbahn- und Autobuslinien.","Carte des transports, 1925",Mappa dei trasporti del 1925,Transportkarte 1925,La carte a été géoréférencée manuellement à l’aide d’une déformation TPS.,La mappa è stata georeferenziata manualmente utilizzando la distorsione TPS.,Die Karte wurde manuell mittels TPS-Verzerrung georeferenziert.,National Library of France,Biblioteca Nazionale di Francia,Französische Nationalbibliothek,"['POINT (6.667196929188619 46.54292257594575)', 'POINT (6.599160551679619 46.495454387632996)']"
1937_plan_lsne_096-1_modified_EPSG2056_clipped.tif,1937_plan_lsne_096-1.tif,lausanne-1937-cadastre,Parcel plan 1937,"Carte géoréférencée. Plan parcellaire officiel de la ville de Lausanne, réalisé en 1937 par le Bureau des Travaux.",The map was georeferenced manually.,Service du cadastre de la Ville de Lausanne,1937,1937,EPSG:21781,EPSG:2056,"Georeferenced map. Official cadastral plan of the city of Lausanne, produced in 1937 by the Bureau of Works.","Carta georeferenziata. Piano particellare ufficiale della città di Losanna, realizzato nel 1937 dall'Ufficio dei Lavori.","Georeferenzierte Karte. Amtlicher Parzellenplan der Stadt Lausanne, erstellt 1937 vom Bauamt.",Plan parcellaire de 1937,Planimetria particellare del 1937,Parzellenplan 1937,La carte a été géoréférencée manuellement.,La mappa è stata georeferenziata manualmente.,Die Karte wurde manuell georeferenziert.,Cadastre Service of the City of Lausanne,Servizio del catasto della Città di Losanna,Stadtvermessungsamt Lausanne,"['POINT (6.681018815429461 46.560667554001604)', 'POINT (6.5795900778737115 46.494838657220264)']"
1959_plan_lsne_110-1_modified_EPSG2056_clipped.tif,1959_plan_lsne_110-1.tif,lausanne-1959-cadastre,Parcel plan 1959,"Carte géoréférencée. Plan parcellaire officiel de la ville de Lausanne, réalisé en 1959 par le Bureau des Travaux.",The map was georeferenced manually.,Service du cadastre de la Ville de Lausanne,1959,1959,EPSG:21781,EPSG:2056,"Georeferenced map. Official cadastral plan of the city of Lausanne, produced in 1959 by the Bureau of Works.","Carta georeferenziata. Piano particellare ufficiale della città di Losanna, realizzato nel 1959 dall'Ufficio dei Lavori.","Georeferenzierte Karte. Offizieller Parzellenplan der Stadt Lausanne, erstellt 1959 vom Amt für Arbeiten.",Plan parcellaire de 1959,Piano particellare 1959,Parzellenplan 1959,La carte a été géoréférencée manuellement.,La mappa è stata georeferenziata manualmente.,Die Karte wurde manuell georeferenziert.,Department of Cadastre of the City of Lausanne,Servizio del catasto della Città di Losanna,Dienst für das Katasterwesen der Stadt Lausanne,"['POINT (6.680609727011842 46.56044648842563)', 'POINT (6.579946376779607 46.49508712044934)']"
1968_plan_lsne_115-1_modified_EPSG2056_clipped.tif,,lausanne-1968-cadastre,Parcel plan 1968,"Carte géoréférencée. Plan parcellaire officiel de la ville de Lausanne, édité en 1968 par le Service du cadastre.",The map was georeferenced manually.,Service du cadastre de la Ville de Lausanne,1968,1968,EPSG:21781,EPSG:2056,"Georeferenced map. Official cadastral plan of the city of Lausanne, published in 1968 by the Land Registry Office.","Carta georeferenziata. Piano particellare ufficiale della città di Losanna, pubblicato nel 1968 dal Servizio del Catasto.","Georeferenzierte Karte. Amtlicher Parzellenplan der Stadt Lausanne, herausgegeben 1968 vom Katasteramt.",Plan parcellaire de 1968,Piano particellare 1968,Parzellenplan 1968,La carte a été géoréférencée manuellement.,La mappa è stata georeferenziata manualmente.,Die Karte wurde manuell georeferenziert.,Cadastre Department of the City of Lausanne,Servizio del catasto della Città di Losanna,Dienst für Katasterwesen der Stadt Lausanne,"['POINT (6.680515695434765 46.56042971042954)', 'POINT (6.580060212320282 46.49511500376836)']"
1970_imhoff_cropped_modified.tif,1970_imhoff_cropped.jpg,lausanne-1970-imhoff,Atlas map 1970,Carte géoréférencée. Plan de Lausanne dans l'Atlas de la Suisse édité par Eduard Imhoff et l'Office Fédéral de la Topographie en 1970.,The map was georeferenced manually using TPS warping.,"Office Fédéral de la Topographie, ETH Zürich.",1970,1970,EPSG:2056,,Georeferenced map. Map of Lausanne from the Atlas of Switzerland published by Eduard Imhoff and the Federal Office of Topography in 1970.,"Mappa georeferenziata. Pianta di Losanna nell’Atlante della Svizzera, pubblicato da Eduard Imhoff e dall’Ufficio Federale di Topografia nel 1970.","Georeferenzierte Karte. Plan von Lausanne im Atlas der Schweiz, herausgegeben von Eduard Imhoff und dem Eidgenössischen Amt für Landestopographie im Jahr 1970.",Carte d’atlas de 1970,Carta dell’atlante del 1970,Atlas-Karte 1970,La carte a été géoréférencée manuellement à l’aide de la déformation TPS.,La mappa è stata georeferenziata manualmente utilizzando la deformazione TPS (Thin Plate Spline).,Die Karte wurde manuell mittels TPS-Verzerrung georeferenziert.,"Federal Office of Topography, ETH Zurich.","Ufficio Federale di Topografia, ETH Zurigo.","Bundesamt für Landestopografie, ETH Zürich.","['POINT (6.734924949481429 46.60616939191361)', 'POINT (6.513903067166706 46.49115195791483)']"
