georeferenced map filename,document filename,slug,nom,description,paradata_process,paradata_provenance,start_time,end_time,CRS,CRS_updated
1831_Berney.jpg,,lausanne-1831-cadastre-berney,Digital Facsimile of the Cadastral Map,"Digitized version of the cadastral map dated around 1831, commonly referred to as the “Napoleonic Cadaster.” Preserves the original visual structure and toponyms for reference and alignment. Dataset created at EPFL.",The maps were vetcorized into geometries through computer vision techniques and then manually corrected and expanded.,Archives Cantonales Vaudoises,1831,1831,EPSG:2056,
1638_maquette_qgis_modified.tif,1638_maquette_qgis.tif,lausanne-1638-maquette-mhl,Orthophoto – City Model 1638,"Orthophoto de la maquette historique de Lausanne. Calculée à partir du nuage de point 3D d'une maquette se trouvant au Musée Historique Lausanne. Le nuage de point a été produit par l'EPFL par photogrammétrie. La maquette, qui date de la fin du 20e siècle, a été réalisée par croisement du plan iconographique de Lausanne en 1638 avec le premier cadastre géométrique publié en 1722.",The image is an orthophoto derived from the digital cloudpoint 3D model made by EPFL.,"EPFL, Musée Historique Lausanne",1638,1721,EPSG:2056,
1721_Melotte_modified.tif,1721_Melotte.jpg,lausanne-1721-melotte-pictorial,Pictorial Plan 1721,Carte géoréférencée. Plan du centre-ville de Lausanne et de ses Fauxbourg levée géométriquement par Melotte en parallèle de la réalisation du cadastre.,The map was georeferenced manually using TPS warping.,Archives Cantonales Vaudoises,1721,1721,EPSG:2056,
1723_Melotte_modified.tif,1723_Melotte.jpg,lausanne-1723-melotte-owners,Land Owners 1723,Carte géoréférencée. Plan du centre-ville de Lausanne et de ses Fauxbourg sur la base du cadastre de 1722. Comprenant également les fiefs et propriétaires des parcelles du centre-ville.,The map was georeferenced manually using TPS warping.,Archives de la Ville de Lausanne,1721,1723,EPSG:2056,
1806_plan_Emery_modified.tif,1806_plan_Emery.jpg,lausanne-1806-official-emery,Official Map 1806,"Carte géoréférencée de Lausanne réalisée par Louis Emery en 1806, peu après l'entrée du canton de Vaud dans la Confédération Suisse, et dédiée au Petit Conseil (gouvernement vaudois).",The map was georeferenced manually using TPS warping.,Bibliothèque nationale de France,1806,1806,EPSG:2056,
1824_Spengler_modified.tif,1824_Spengler.jpg,lausanne-1824-spengler,Map 1824,"Carte géoréférencée réalisée par François Recordon, publiée par Spengler et Cie en 1824, décrivant Lausanne et ses environs. Publiée dans le Manuel Historique, Topographique et Statistique de Lausanne et du Canton de Vaud.",The map was georeferenced manually using TPS warping.,Universitätsbibliothek Bern,1824,1824,EPSG:2056,
1836_projet_ceinture_Pichard_modified.tif,1836_projet_ceinture_Pichard.jpg,lausanne-1836-ceinture-pichard,Pichard Belt Project Plan 1836,"Carte géoréférencée de Lausanne décrivant les transformations urbaines proposées par Adrien Pichard, en 1836. La ceinture urbaine sera réalisée et les travaux se termineront en 1861.",The map was georeferenced manually using TPS warping.,Archives de la Ville de Genève,1836,1838,EPSG:2056,
1838_berney_ensemble_modified.tif,1838_berney_ensemble.jpg,lausanne-1838-berney-ensemble,Berney Ensemble Map 1838,Carte géoréférencée. Plan de la ville de Lausanne et de ses environs réalisé par Abram Berney sur la base du cadastre de 1831.,The map was georeferenced manually using TPS warping.,Archives de la Ville de Genève,1827,1838,EPSG:2056,
1838_berney_centre_ville.png,1838_berney_centre_ville_modified.tif,lausanne-1838-berney-centre,Berney City Plan 1838,Carte géoréférencée. Plan du centre-ville de Lausanne réalisé par Abram Berney sur la base du cadastre de 1831.,The map was georeferenced manually using TPS warping.,"Bibliothèque cantonale universitaire, Service du cadastre de la Ville de Lausanne",1827,1838,EPSG:2056,
1852_Zollikofer_modified.tif,1852_Zollikofer.jpg,lausanne-1852-zollikofer,Geological Map 1852,Carte géoréférencée. Carte géologique de la ville de Lausanne et de ses environs réalisée en 1852 par Théodore Zollikofer sur la base du plan de 1838 par Berney.,The map was georeferenced manually using TPS warping.,ETH library,1852,1852,EPSG:2056,
1854_plan_Weber_modified.tif,1854_plan_Weber.jpg,lausanne-1854-weber,House numbers Plan 1854,Carte géoréférencée. Plan du centre-ville de Lausanne réalisé sur la base du plan détaillé de 1838 par Berney. Ce plan est une révision de 1854 réalisée par F. Weber. Il indique les numéros de maison.,The map was georeferenced manually using TPS warping.,Archives de la Ville de Genève,1854,1854,EPSG:2056,
1856_Spengler_modified.tif,1856_Spengler.jpg,lausanne-1856-bazar,Plan 1856,Carte géoréférencée. Plan du centre-ville de Lausanne publié par le Bazar vaudois.,The map was georeferenced manually using TPS warping.,Archives de la Ville de Genève,1856,1856,EPSG:2056,
1858_Weber_modified.tif,1858_Weber.tif,lausanne-1858-weber,Weber Map 1858,Carte géoréférencée. Carte de Lausanne et de ses environs réalisée sur la base du plan d'ensemble de 1838 par Berney. Ce plan est une révision de 1858 réalisée par F. Weber.,The map was georeferenced manually using TPS warping.,Archives de la Ville de Genève,1858,1858,EPSG:2056,
1865_Siegfried_modified.tif,1865_Siegfried.jpg,lausanne-1865-siegfried,Siegfried Topographic Map 1865,"Carte géoréférencée. Carte topographie nationale, dite Siegfried, réalisée par l'Office Fédéral de la Topographie. Planche couvrant la Commune de Lausanne.",The map was georeferenced manually using TPS warping.,Archives de la Ville de Genève,1865,1865,EPSG:2056,
1871_Spengler_modified.tif,1871_Spengler.jpg,lausanne-1871-spengler,Map 1871,Carte géoréférencée. Carte de Lausanne et de ses environs publiée en 1871 par le Bazar vaudois.,The map was georeferenced manually using TPS warping.,Archives de la Ville de Genève,1871,1871,EPSG:2056,
1871_Spengler_profil_modified.tif,1871_Spengler_profil.jpg,lausanne-1871-spengler-funiculaire,Funicular Map 1871,"Carte géoréférencée. Carte et profil du chemin de fer pneumatique de Lausanne à Ouchy, publié en 1871 par Spengler et Cie.",The map was georeferenced manually using TPS warping.,Archives de la Ville de Genève,1871,1871,EPSG:2056,
1875_deCrousaz_trimmed_modified.tif,1875_deCrousaz.jpg,lausanne-1875-decrousaz,Official Plan 1875,"Carte géoréférencée. Plan de la ville de Lausanne et de sa banlieue publié par D. Lebet, suivant un original dressé par le Bureau des Travaux.",The map was georeferenced manually using TPS warping.,Service du cadastre de la Ville de Lausanne,1875,1875,EPSG:2056,
1875_indicateur_reber_modified.tif,1875_indicateur_reber.png,lausanne-1875-indicateur-reber,City directory Plan 1875,"Carte géoréférencée. Plan de Lausanne par P. Reber, publié dans l'indicateur vaudois de 1875, précuseur de l'annuaire.",The map was georeferenced manually using TPS warping.,Bibliothèque cantonale universitaire,1875,1875,EPSG:2056,
1880_indicateur_wurster_modified.tif,1880_indicateur_wurster.png,lausanne-1880-indicateur-wurster,City directory Plan 1880,"Carte géoréférencée. Plan parcellaire de Lausanne édité par D. Lebet, réalisé par Wurster, Randegger et Cie, à Wintherthur. Publié dans l'indicateur vaudois de 1880, précurseur de l'annuaire.",The map was georeferenced manually using TPS warping.,Bibliothèque cantonale universitaire,1880,1880,EPSG:2056,
1890_Furrer.tiff,,lausanne-1890-lebet,Map 1890,"Carte géoréférencée. Plan de la ville de Lausanne et de sa banlieue publié en 1890 par D. Lebet, suivant un original dressé par le Bureau des Travaux en 1875.",The map was georeferenced manually using TPS warping.,ETH library,1890,1890,EPSG:2056,
1900_payot_modified.tif,1900_payot.jpg,lausanne-1900-payot,Parcel plan 1900,"Carte géoréférencée. Plan parcellaire de la ville de Lausanne et de sa banlieue, réalisé par Wurster, Randegger et Cie vers 1880, édité par F. Payot. Modifié pour y inclure le Nouvel Hôtel des Postes de St-François, achevé en 1900.",The map was georeferenced manually using TPS warping.,Archives de la Ville de Genève,1900,1900,EPSG:2056,
1903_Reber_modified.tif,1903_Reber.jpg,lausanne-1903-tramway-reber,Tramway plan 1903,"Carte géoréférencée. Plan du centre-ville de Lausanne en 1903, par P. Reber, incluant les lignes du tramway.",The map was georeferenced manually using TPS warping.,Archives de la Ville de Genève,1902,1903,EPSG:2056,
1910_Muller_Trub_modified.tif,1910_Muller_Trub.jpg,lausanne-1910-payot,Parcel plan 1910,"Carte géoréférencée. Plan parcellaire de Lausanne et de sa banlieue, en 1910, éditée par F. Payot.",The map was georeferenced manually using TPS warping.,Bibliothèque nationale de France,1903,1910,EPSG:2056,
1912_plan_lsne_095-1_modified_EPSG2056_clipped.tif,1912_plan_lsne_095-1.tif,lausanne-1913-plan-officiel,Official Plan 1913,Carte géoréférencée. Plan parcellaire de Lausanne d'après le Plan Officiel de 1907. Edité par F. Rouge et A. Denéréaz-Spengler en 1913.,The map was georeferenced manually.,Service du cadastre de la Ville de Lausanne,1907,1913,EPSG:21781,EPSG:2056
1925_Simplon.tiff,,lausanne-1926-ubs,Pictorial Map 1926,"Carte géoréférencée. Plan pictorial de Lausanne édité par l'Union des banques suisses vers 1926 et Panorama du signal de Sauvabelin, publié par Simplon S.A.",The map was georeferenced manually using TPS warping.,David Rumsey Map Collection,1925,1926,EPSG:2056,
1925_SocieteDesTransports_modified.tif,1925_SocieteDesTransports.jpg,lausanne-1925-transports,Transports map 1925,"Carte géoréférencée. Plan des lignes du réseau de la société des transports lausannois, en 1925. Comprenant notamment les lignes du tramway, des funiculaires et des autobus.",The map was georeferenced manually using TPS warping.,Bibliothèque nationale de France,1925,1925,EPSG:2056,
1937_plan_lsne_096-1_modified_EPSG2056_clipped.tif,1937_plan_lsne_096-1.tif,lausanne-1937-cadastre,Parcel plan 1937,"Carte géoréférencée. Plan parcellaire officiel de la ville de Lausanne, réalisé en 1937 par le Bureau des Travaux.",The map was georeferenced manually.,Service du cadastre de la Ville de Lausanne,1937,1937,EPSG:21781,EPSG:2056
1959_plan_lsne_110-1_modified_EPSG2056_clipped.tif,1959_plan_lsne_110-1.tif,lausanne-1959-cadastre,Parcel plan 1959,"Carte géoréférencée. Plan parcellaire officiel de la ville de Lausanne, réalisé en 1959 par le Bureau des Travaux.",The map was georeferenced manually.,Service du cadastre de la Ville de Lausanne,1959,1959,EPSG:21781,EPSG:2056
1968_plan_lsne_115-1_modified_EPSG2056_clipped.tif,,lausanne-1968-cadastre,Parcel plan 1968,"Carte géoréférencée. Plan parcellaire officiel de la ville de Lausanne, édité en 1968 par le Service du cadastre.",The map was georeferenced manually.,Service du cadastre de la Ville de Lausanne,1968,1968,EPSG:21781,EPSG:2056
1970_imhoff_cropped_modified.tif,1970_imhoff_cropped.jpg,lausanne-1970-imhoff,Atlas map 1970,Carte géoréférencée. Plan de Lausanne dans l'Atlas de la Suisse édité par Eduard Imhoff et l'Office Fédéral de la Topographie en 1970.,The map was georeferenced manually using TPS warping.,"Office Fédéral de la Topographie, ETH Zürich.",1970,1970,EPSG:2056,